[
  {
    "country_code": "BM",
    "zipcode": "DV 01",
    "place": "Devonshire",
    "state": "Devonshire Parish",
    "state_code": "01",
    "province": "",
    "province_code": "",
    "community": "",
    "community_code": "",
    "latitude": "32.3028",
    "longitude": "-64.7558"
  },
  {
    "country_code": "BM",
    "zipcode": "DV 02",
    "place": "Devonshire",
    "state": "Devonshire Parish",
    "state_code": "01",
    "province": "",
    "province_code": "",
    "community": "",
    "community_code": "",
    "latitude": "32.3028",
    "longitude": "-64.7558"
  },
  {
    "country_code": "BM",
    "zipcode": "DV 03",
    "place": "Devonshire",
    "state": "Devonshire Parish",
    "state_code": "01",
    "province": "",
    "province_code": "",
    "community": "",
    "community_code": "",
    "latitude": "32.3028",
    "longitude": "-64.7558"
  },
  {
    "country_code": "BM",
    "zipcode": "DV 04",
    "place": "Devonshire",
    "state": "Devonshire Parish",
    "state_code": "01",
    "province": "",
    "province_code": "",
    "community": "",
    "community_code": "",
    "latitude": "32.3028",
    "longitude": "-64.7558"
  },
  {
    "country_code": "BM",
    "zipcode": "DV 05",
    "place": "Devonshire",
    "state": "Devonshire Parish",
    "state_code": "01",
    "province": "",
    "province_code": "",
    "community": "",
    "community_code": "",
    "latitude": "32.3028",
    "longitude": "-64.7558"
  },
  {
    "country_code": "BM",
    "zipcode": "DV 06",
    "place": "Devonshire",
    "state": "Devonshire Parish",
    "state_code": "01",
    "province": "",
    "province_code": "",
    "community": "",
    "community_code": "",
    "latitude": "32.3028",
    "longitude": "-64.7558"
  },
  {
    "country_code": "BM",
    "zipcode": "DV 07",
    "place": "Devonshire",
    "state": "Devonshire Parish",
    "state_code": "01",
    "province": "",
    "province_code": "",
    "community": "",
    "community_code": "",
    "latitude": "32.3028",
    "longitude": "-64.7558"
  },
  {
    "country_code": "BM",
    "zipcode": "DV 08",
    "place": "Devonshire",
    "state": "Devonshire Parish",
    "state_code": "01",
    "province": "",
    "province_code": "",
    "community": "",
    "community_code": "",
    "latitude": "32.3028",
    "longitude": "-64.7558"
  },
  {
    "country_code": "BM",
    "zipcode": "FL 01",
    "place": "Devonshire",
    "state": "Devonshire Parish",
    "state_code": "01",
    "province": "",
    "province_code": "",
    "community": "",
    "community_code": "",
    "latitude": "32.3264",
    "longitude": "-64.7411"
  },
  {
    "country_code": "BM",
    "zipcode": "FL 02",
    "place": "Devonshire",
    "state": "Devonshire Parish",
    "state_code": "01",
    "province": "",
    "province_code": "",
    "community": "",
    "community_code": "",
    "latitude": "32.3264",
    "longitude": "-64.7411"
  },
  {
    "country_code": "BM",
    "zipcode": "FL 03",
    "place": "Devonshire",
    "state": "Devonshire Parish",
    "state_code": "01",
    "province": "",
    "province_code": "",
    "community": "",
    "community_code": "",
    "latitude": "32.3264",
    "longitude": "-64.7411"
  },
  {
    "country_code": "BM",
    "zipcode": "FL 05",
    "place": "Devonshire",
    "state": "Devonshire Parish",
    "state_code": "01",
    "province": "",
    "province_code": "",
    "community": "",
    "community_code": "",
    "latitude": "32.3264",
    "longitude": "-64.7411"
  },
  {
    "country_code": "BM",
    "zipcode": "HM 14",
    "place": "Devonshire",
    "state": "Devonshire Parish",
    "state_code": "01",
    "province": "",
    "province_code": "",
    "community": "",
    "community_code": "",
    "latitude": "32.3002",
    "longitude": "-64.792"
  },
  {
    "country_code": "BM",
    "zipcode": "HM 15",
    "place": "Devonshire",
    "state": "Devonshire Parish",
    "state_code": "01",
    "province": "",
    "province_code": "",
    "community": "",
    "community_code": "",
    "latitude": "32.3002",
    "longitude": "-64.792"
  },
  {
    "country_code": "BM",
    "zipcode": "HM 16",
    "place": "Devonshire",
    "state": "Devonshire Parish",
    "state_code": "01",
    "province": "",
    "province_code": "",
    "community": "",
    "community_code": "",
    "latitude": "32.3002",
    "longitude": "-64.792"
  },
  {
    "country_code": "BM",
    "zipcode": "HM 18",
    "place": "Devonshire",
    "state": "Devonshire Parish",
    "state_code": "01",
    "province": "",
    "province_code": "",
    "community": "",
    "community_code": "",
    "latitude": "32.3002",
    "longitude": "-64.792"
  },
  {
    "country_code": "BM",
    "zipcode": "HM 19",
    "place": "Devonshire",
    "state": "Devonshire Parish",
    "state_code": "01",
    "province": "",
    "province_code": "",
    "community": "",
    "community_code": "",
    "latitude": "32.2975",
    "longitude": "-64.7875"
  },
  {
    "country_code": "BM",
    "zipcode": "HM 20",
    "place": "Devonshire",
    "state": "Devonshire Parish",
    "state_code": "01",
    "province": "",
    "province_code": "",
    "community": "",
    "community_code": "",
    "latitude": "32.3002",
    "longitude": "-64.792"
  },
  {
    "country_code": "BM",
    "zipcode": "CR 01",
    "place": "Hamilton Parish",
    "state": "Hamilton",
    "state_code": "02",
    "province": "",
    "province_code": "",
    "community": "",
    "community_code": "",
    "latitude": "32.3264",
    "longitude": "-64.7411"
  },
  {
    "country_code": "BM",
    "zipcode": "CR 02",
    "place": "Hamilton Parish",
    "state": "Hamilton",
    "state_code": "02",
    "province": "",
    "province_code": "",
    "community": "",
    "community_code": "",
    "latitude": "32.3264",
    "longitude": "-64.7411"
  },
  {
    "country_code": "BM",
    "zipcode": "CR 03",
    "place": "Hamilton Parish",
    "state": "Hamilton",
    "state_code": "02",
    "province": "",
    "province_code": "",
    "community": "",
    "community_code": "",
    "latitude": "32.3264",
    "longitude": "-64.7411"
  },
  {
    "country_code": "BM",
    "zipcode": "CR 04",
    "place": "Hamilton Parish",
    "state": "Hamilton",
    "state_code": "02",
    "province": "",
    "province_code": "",
    "community": "",
    "community_code": "",
    "latitude": "32.3264",
    "longitude": "-64.7411"
  },
  {
    "country_code": "BM",
    "zipcode": "FL 04",
    "place": "Hamilton Parish",
    "state": "Hamilton",
    "state_code": "02",
    "province": "",
    "province_code": "",
    "community": "",
    "community_code": "",
    "latitude": "32.3264",
    "longitude": "-64.7411"
  },
  {
    "country_code": "BM",
    "zipcode": "HS 02",
    "place": "Hamilton Parish",
    "state": "Hamilton",
    "state_code": "02",
    "province": "",
    "province_code": "",
    "community": "",
    "community_code": "",
    "latitude": "32.3264",
    "longitude": "-64.7411"
  },
  {
    "country_code": "BM",
    "zipcode": "HM 08",
    "place": "City of Hamilton",
    "state": "Hamilton",
    "state_code": "03",
    "province": "",
    "province_code": "",
    "community": "",
    "community_code": "",
    "latitude": "32.2949",
    "longitude": "-64.783"
  },
  {
    "country_code": "BM",
    "zipcode": "HM 09",
    "place": "City of Hamilton",
    "state": "Hamilton",
    "state_code": "03",
    "province": "",
    "province_code": "",
    "community": "",
    "community_code": "",
    "latitude": "32.2949",
    "longitude": "-64.783"
  },
  {
    "country_code": "BM",
    "zipcode": "HM 10",
    "place": "City of Hamilton",
    "state": "Hamilton",
    "state_code": "03",
    "province": "",
    "province_code": "",
    "community": "",
    "community_code": "",
    "latitude": "32.2949",
    "longitude": "-64.783"
  },
  {
    "country_code": "BM",
    "zipcode": "HM 11",
    "place": "City of Hamilton",
    "state": "Hamilton",
    "state_code": "03",
    "province": "",
    "province_code": "",
    "community": "",
    "community_code": "",
    "latitude": "32.2949",
    "longitude": "-64.783"
  },
  {
    "country_code": "BM",
    "zipcode": "HM 12",
    "place": "City of Hamilton",
    "state": "Hamilton",
    "state_code": "03",
    "province": "",
    "province_code": "",
    "community": "",
    "community_code": "",
    "latitude": "32.2949",
    "longitude": "-64.783"
  },
  {
    "country_code": "BM",
    "zipcode": "HM 17",
    "place": "City of Hamilton",
    "state": "Hamilton",
    "state_code": "03",
    "province": "",
    "province_code": "",
    "community": "",
    "community_code": "",
    "latitude": "32.2949",
    "longitude": "-64.783"
  },
  {
    "country_code": "BM",
    "zipcode": "HM 19",
    "place": "City of Hamilton",
    "state": "Hamilton",
    "state_code": "03",
    "province": "",
    "province_code": "",
    "community": "",
    "community_code": "",
    "latitude": "32.2949",
    "longitude": "-64.783"
  },
  {
    "country_code": "BM",
    "zipcode": "DV 03",
    "place": "Paget",
    "state": "Paget Parish",
    "state_code": "04",
    "province": "",
    "province_code": "",
    "community": "",
    "community_code": "",
    "latitude": "32.2783",
    "longitude": "-64.7817"
  },
  {
    "country_code": "BM",
    "zipcode": "DV 04",
    "place": "Paget",
    "state": "Paget Parish",
    "state_code": "04",
    "province": "",
    "province_code": "",
    "community": "",
    "community_code": "",
    "latitude": "32.2783",
    "longitude": "-64.7817"
  },
  {
    "country_code": "BM",
    "zipcode": "PG 01",
    "place": "Paget",
    "state": "Paget Parish",
    "state_code": "04",
    "province": "",
    "province_code": "",
    "community": "",
    "community_code": "",
    "latitude": "32.2783",
    "longitude": "-64.7817"
  },
  {
    "country_code": "BM",
    "zipcode": "PG 02",
    "place": "Paget",
    "state": "Paget Parish",
    "state_code": "04",
    "province": "",
    "province_code": "",
    "community": "",
    "community_code": "",
    "latitude": "32.2783",
    "longitude": "-64.7817"
  },
  {
    "country_code": "BM",
    "zipcode": "PG 03",
    "place": "Paget",
    "state": "Paget Parish",
    "state_code": "04",
    "province": "",
    "province_code": "",
    "community": "",
    "community_code": "",
    "latitude": "32.2783",
    "longitude": "-64.7817"
  },
  {
    "country_code": "BM",
    "zipcode": "PG 04",
    "place": "Paget",
    "state": "Paget Parish",
    "state_code": "04",
    "province": "",
    "province_code": "",
    "community": "",
    "community_code": "",
    "latitude": "32.2783",
    "longitude": "-64.7817"
  },
  {
    "country_code": "BM",
    "zipcode": "PG 05",
    "place": "Paget",
    "state": "Paget Parish",
    "state_code": "04",
    "province": "",
    "province_code": "",
    "community": "",
    "community_code": "",
    "latitude": "32.2783",
    "longitude": "-64.7817"
  },
  {
    "country_code": "BM",
    "zipcode": "PG 06",
    "place": "Paget",
    "state": "Paget Parish",
    "state_code": "04",
    "province": "",
    "province_code": "",
    "community": "",
    "community_code": "",
    "latitude": "32.2783",
    "longitude": "-64.7817"
  },
  {
    "country_code": "BM",
    "zipcode": "HM 01",
    "place": "Pembroke",
    "state": "Pembroke Parish",
    "state_code": "05",
    "province": "",
    "province_code": "",
    "community": "",
    "community_code": "",
    "latitude": "32.3002",
    "longitude": "-64.792"
  },
  {
    "country_code": "BM",
    "zipcode": "HM 02",
    "place": "Pembroke",
    "state": "Pembroke Parish",
    "state_code": "05",
    "province": "",
    "province_code": "",
    "community": "",
    "community_code": "",
    "latitude": "32.3002",
    "longitude": "-64.792"
  },
  {
    "country_code": "BM",
    "zipcode": "HM 03",
    "place": "Pembroke",
    "state": "Pembroke Parish",
    "state_code": "05",
    "province": "",
    "province_code": "",
    "community": "",
    "community_code": "",
    "latitude": "32.3002",
    "longitude": "-64.792"
  },
  {
    "country_code": "BM",
    "zipcode": "HM 04",
    "place": "Pembroke",
    "state": "Pembroke Parish",
    "state_code": "05",
    "province": "",
    "province_code": "",
    "community": "",
    "community_code": "",
    "latitude": "32.3002",
    "longitude": "-64.792"
  },
  {
    "country_code": "BM",
    "zipcode": "HM 05",
    "place": "Pembroke",
    "state": "Pembroke Parish",
    "state_code": "05",
    "province": "",
    "province_code": "",
    "community": "",
    "community_code": "",
    "latitude": "32.3002",
    "longitude": "-64.792"
  },
  {
    "country_code": "BM",
    "zipcode": "HM 06",
    "place": "Pembroke",
    "state": "Pembroke Parish",
    "state_code": "05",
    "province": "",
    "province_code": "",
    "community": "",
    "community_code": "",
    "latitude": "32.3002",
    "longitude": "-64.792"
  },
  {
    "country_code": "BM",
    "zipcode": "HM 07",
    "place": "Pembroke",
    "state": "Pembroke Parish",
    "state_code": "05",
    "province": "",
    "province_code": "",
    "community": "",
    "community_code": "",
    "latitude": "32.3002",
    "longitude": "-64.792"
  },
  {
    "country_code": "BM",
    "zipcode": "HM 08",
    "place": "Pembroke",
    "state": "Pembroke Parish",
    "state_code": "05",
    "province": "",
    "province_code": "",
    "community": "",
    "community_code": "",
    "latitude": "32.3002",
    "longitude": "-64.792"
  },
  {
    "country_code": "BM",
    "zipcode": "HM 09",
    "place": "Pembroke",
    "state": "Pembroke Parish",
    "state_code": "05",
    "province": "",
    "province_code": "",
    "community": "",
    "community_code": "",
    "latitude": "32.3002",
    "longitude": "-64.792"
  },
  {
    "country_code": "BM",
    "zipcode": "HM 13",
    "place": "Pembroke",
    "state": "Pembroke Parish",
    "state_code": "05",
    "province": "",
    "province_code": "",
    "community": "",
    "community_code": "",
    "latitude": "32.3002",
    "longitude": "-64.792"
  },
  {
    "country_code": "BM",
    "zipcode": "HM 14",
    "place": "Pembroke",
    "state": "Pembroke Parish",
    "state_code": "05",
    "province": "",
    "province_code": "",
    "community": "",
    "community_code": "",
    "latitude": "32.3002",
    "longitude": "-64.792"
  },
  {
    "country_code": "BM",
    "zipcode": "HM 15",
    "place": "Pembroke",
    "state": "Pembroke Parish",
    "state_code": "05",
    "province": "",
    "province_code": "",
    "community": "",
    "community_code": "",
    "latitude": "32.3002",
    "longitude": "-64.792"
  },
  {
    "country_code": "BM",
    "zipcode": "HM 16",
    "place": "Pembroke",
    "state": "Pembroke Parish",
    "state_code": "05",
    "province": "",
    "province_code": "",
    "community": "",
    "community_code": "",
    "latitude": "32.3002",
    "longitude": "-64.792"
  },
  {
    "country_code": "BM",
    "zipcode": "HM 17",
    "place": "Pembroke",
    "state": "Pembroke Parish",
    "state_code": "05",
    "province": "",
    "province_code": "",
    "community": "",
    "community_code": "",
    "latitude": "32.3002",
    "longitude": "-64.792"
  },
  {
    "country_code": "BM",
    "zipcode": "HM 18",
    "place": "Pembroke",
    "state": "Pembroke Parish",
    "state_code": "05",
    "province": "",
    "province_code": "",
    "community": "",
    "community_code": "",
    "latitude": "32.3002",
    "longitude": "-64.792"
  },
  {
    "country_code": "BM",
    "zipcode": "HM 19",
    "place": "Pembroke",
    "state": "Pembroke Parish",
    "state_code": "05",
    "province": "",
    "province_code": "",
    "community": "",
    "community_code": "",
    "latitude": "32.3002",
    "longitude": "-64.792"
  },
  {
    "country_code": "BM",
    "zipcode": "HM 20",
    "place": "Pembroke",
    "state": "Pembroke Parish",
    "state_code": "05",
    "province": "",
    "province_code": "",
    "community": "",
    "community_code": "",
    "latitude": "32.3002",
    "longitude": "-64.792"
  },
  {
    "country_code": "BM",
    "zipcode": "GE 02",
    "place": "Town of St. George",
    "state": "Saint George",
    "state_code": "06",
    "province": "",
    "province_code": "",
    "community": "",
    "community_code": "",
    "latitude": "32.3842",
    "longitude": "-64.6764"
  },
  {
    "country_code": "BM",
    "zipcode": "GE 03",
    "place": "Town of St. George",
    "state": "Saint George",
    "state_code": "06",
    "province": "",
    "province_code": "",
    "community": "",
    "community_code": "",
    "latitude": "32.3842",
    "longitude": "-64.6764"
  },
  {
    "country_code": "BM",
    "zipcode": "GE 04",
    "place": "Town of St. George",
    "state": "Saint George",
    "state_code": "06",
    "province": "",
    "province_code": "",
    "community": "",
    "community_code": "",
    "latitude": "32.3842",
    "longitude": "-64.6764"
  },
  {
    "country_code": "BM",
    "zipcode": "GE 05",
    "place": "Town of St. George",
    "state": "Saint George",
    "state_code": "06",
    "province": "",
    "province_code": "",
    "community": "",
    "community_code": "",
    "latitude": "32.3842",
    "longitude": "-64.6764"
  },
  {
    "country_code": "BM",
    "zipcode": "HS 02",
    "place": "St. George",
    "state": "Saint George",
    "state_code": "06",
    "province": "",
    "province_code": "",
    "community": "",
    "community_code": "",
    "latitude": "32.3817",
    "longitude": "-64.6781"
  },
  {
    "country_code": "BM",
    "zipcode": "CR 04",
    "place": "St. George's",
    "state": "Saint George’s Parish",
    "state_code": "07",
    "province": "",
    "province_code": "",
    "community": "",
    "community_code": "",
    "latitude": "32.3264",
    "longitude": "-64.7411"
  },
  {
    "country_code": "BM",
    "zipcode": "DD 01",
    "place": "St. George's",
    "state": "Saint George’s Parish",
    "state_code": "07",
    "province": "",
    "province_code": "",
    "community": "",
    "community_code": "",
    "latitude": "32.3726",
    "longitude": "-64.6944"
  },
  {
    "country_code": "BM",
    "zipcode": "DD 02",
    "place": "St. George's",
    "state": "Saint George’s Parish",
    "state_code": "07",
    "province": "",
    "province_code": "",
    "community": "",
    "community_code": "",
    "latitude": "32.3726",
    "longitude": "-64.6944"
  },
  {
    "country_code": "BM",
    "zipcode": "DD 03",
    "place": "St. George's",
    "state": "Saint George’s Parish",
    "state_code": "07",
    "province": "",
    "province_code": "",
    "community": "",
    "community_code": "",
    "latitude": "32.3726",
    "longitude": "-64.6944"
  },
  {
    "country_code": "BM",
    "zipcode": "GE 01",
    "place": "St. George's",
    "state": "Saint George’s Parish",
    "state_code": "07",
    "province": "",
    "province_code": "",
    "community": "",
    "community_code": "",
    "latitude": "32.3726",
    "longitude": "-64.6944"
  },
  {
    "country_code": "BM",
    "zipcode": "GE 02",
    "place": "St. George's",
    "state": "Saint George’s Parish",
    "state_code": "07",
    "province": "",
    "province_code": "",
    "community": "",
    "community_code": "",
    "latitude": "32.3726",
    "longitude": "-64.6944"
  },
  {
    "country_code": "BM",
    "zipcode": "GE 03",
    "place": "St. George's",
    "state": "Saint George’s Parish",
    "state_code": "07",
    "province": "",
    "province_code": "",
    "community": "",
    "community_code": "",
    "latitude": "32.3726",
    "longitude": "-64.6944"
  },
  {
    "country_code": "BM",
    "zipcode": "GE 04",
    "place": "St. George's",
    "state": "Saint George’s Parish",
    "state_code": "07",
    "province": "",
    "province_code": "",
    "community": "",
    "community_code": "",
    "latitude": "32.3726",
    "longitude": "-64.6944"
  },
  {
    "country_code": "BM",
    "zipcode": "GE 05",
    "place": "St. George's",
    "state": "Saint George’s Parish",
    "state_code": "07",
    "province": "",
    "province_code": "",
    "community": "",
    "community_code": "",
    "latitude": "32.3726",
    "longitude": "-64.6944"
  },
  {
    "country_code": "BM",
    "zipcode": "GE CX",
    "place": "St. George's",
    "state": "Saint George’s Parish",
    "state_code": "07",
    "province": "",
    "province_code": "",
    "community": "",
    "community_code": "",
    "latitude": "32.3726",
    "longitude": "-64.6944"
  },
  {
    "country_code": "BM",
    "zipcode": "HS 02",
    "place": "St. George's",
    "state": "Saint George’s Parish",
    "state_code": "07",
    "province": "",
    "province_code": "",
    "community": "",
    "community_code": "",
    "latitude": "32.354",
    "longitude": "-64.7096"
  },
  {
    "country_code": "BM",
    "zipcode": "MA 01",
    "place": "Sandys",
    "state": "Sandys Parish",
    "state_code": "08",
    "province": "",
    "province_code": "",
    "community": "",
    "community_code": "",
    "latitude": "32.2934",
    "longitude": "-64.8683"
  },
  {
    "country_code": "BM",
    "zipcode": "MA 02",
    "place": "Sandys",
    "state": "Sandys Parish",
    "state_code": "08",
    "province": "",
    "province_code": "",
    "community": "",
    "community_code": "",
    "latitude": "32.2934",
    "longitude": "-64.8683"
  },
  {
    "country_code": "BM",
    "zipcode": "MA 03",
    "place": "Sandys",
    "state": "Sandys Parish",
    "state_code": "08",
    "province": "",
    "province_code": "",
    "community": "",
    "community_code": "",
    "latitude": "32.2934",
    "longitude": "-64.8683"
  },
  {
    "country_code": "BM",
    "zipcode": "MA 04",
    "place": "Sandys",
    "state": "Sandys Parish",
    "state_code": "08",
    "province": "",
    "province_code": "",
    "community": "",
    "community_code": "",
    "latitude": "32.2934",
    "longitude": "-64.8683"
  },
  {
    "country_code": "BM",
    "zipcode": "MA 05",
    "place": "Sandys",
    "state": "Sandys Parish",
    "state_code": "08",
    "province": "",
    "province_code": "",
    "community": "",
    "community_code": "",
    "latitude": "32.2934",
    "longitude": "-64.8683"
  },
  {
    "country_code": "BM",
    "zipcode": "MA 06",
    "place": "Sandys",
    "state": "Sandys Parish",
    "state_code": "08",
    "province": "",
    "province_code": "",
    "community": "",
    "community_code": "",
    "latitude": "32.2934",
    "longitude": "-64.8683"
  },
  {
    "country_code": "BM",
    "zipcode": "SB 01",
    "place": "Sandys",
    "state": "Sandys Parish",
    "state_code": "08",
    "province": "",
    "province_code": "",
    "community": "",
    "community_code": "",
    "latitude": "32.2934",
    "longitude": "-64.8683"
  },
  {
    "country_code": "BM",
    "zipcode": "SB 02",
    "place": "Sandys",
    "state": "Sandys Parish",
    "state_code": "08",
    "province": "",
    "province_code": "",
    "community": "",
    "community_code": "",
    "latitude": "32.2934",
    "longitude": "-64.8683"
  },
  {
    "country_code": "BM",
    "zipcode": "SB 03",
    "place": "Sandys",
    "state": "Sandys Parish",
    "state_code": "08",
    "province": "",
    "province_code": "",
    "community": "",
    "community_code": "",
    "latitude": "32.2934",
    "longitude": "-64.8683"
  },
  {
    "country_code": "BM",
    "zipcode": "FL 01",
    "place": "Smith’s",
    "state": "Smith’s Parish",
    "state_code": "09",
    "province": "",
    "province_code": "",
    "community": "",
    "community_code": "",
    "latitude": "32.3264",
    "longitude": "-64.7411"
  },
  {
    "country_code": "BM",
    "zipcode": "FL 02",
    "place": "Smith’s",
    "state": "Smith’s Parish",
    "state_code": "09",
    "province": "",
    "province_code": "",
    "community": "",
    "community_code": "",
    "latitude": "32.3264",
    "longitude": "-64.7411"
  },
  {
    "country_code": "BM",
    "zipcode": "FL 03",
    "place": "Smith’s",
    "state": "Smith’s Parish",
    "state_code": "09",
    "province": "",
    "province_code": "",
    "community": "",
    "community_code": "",
    "latitude": "32.3264",
    "longitude": "-64.7411"
  },
  {
    "country_code": "BM",
    "zipcode": "FL 04",
    "place": "Smith’s",
    "state": "Smith’s Parish",
    "state_code": "09",
    "province": "",
    "province_code": "",
    "community": "",
    "community_code": "",
    "latitude": "32.3264",
    "longitude": "-64.7411"
  },
  {
    "country_code": "BM",
    "zipcode": "FL 05",
    "place": "Smith’s",
    "state": "Smith’s Parish",
    "state_code": "09",
    "province": "",
    "province_code": "",
    "community": "",
    "community_code": "",
    "latitude": "32.3264",
    "longitude": "-64.7411"
  },
  {
    "country_code": "BM",
    "zipcode": "FL 06",
    "place": "Smith’s",
    "state": "Smith’s Parish",
    "state_code": "09",
    "province": "",
    "province_code": "",
    "community": "",
    "community_code": "",
    "latitude": "32.3264",
    "longitude": "-64.7411"
  },
  {
    "country_code": "BM",
    "zipcode": "FL 07",
    "place": "Smith’s",
    "state": "Smith’s Parish",
    "state_code": "09",
    "province": "",
    "province_code": "",
    "community": "",
    "community_code": "",
    "latitude": "32.3264",
    "longitude": "-64.7411"
  },
  {
    "country_code": "BM",
    "zipcode": "FL 08",
    "place": "Smith’s",
    "state": "Smith’s Parish",
    "state_code": "09",
    "province": "",
    "province_code": "",
    "community": "",
    "community_code": "",
    "latitude": "32.3264",
    "longitude": "-64.7411"
  },
  {
    "country_code": "BM",
    "zipcode": "HS 01",
    "place": "Smith’s",
    "state": "Smith’s Parish",
    "state_code": "09",
    "province": "",
    "province_code": "",
    "community": "",
    "community_code": "",
    "latitude": "32.354",
    "longitude": "-64.7096"
  },
  {
    "country_code": "BM",
    "zipcode": "HS 02",
    "place": "Smith’s",
    "state": "Smith’s Parish",
    "state_code": "09",
    "province": "",
    "province_code": "",
    "community": "",
    "community_code": "",
    "latitude": "32.354",
    "longitude": "-64.7096"
  },
  {
    "country_code": "BM",
    "zipcode": "SB 02",
    "place": "Southampton",
    "state": "Southampton Parish",
    "state_code": "10",
    "province": "",
    "province_code": "",
    "community": "",
    "community_code": "",
    "latitude": "32.2508",
    "longitude": "-64.8564"
  },
  {
    "country_code": "BM",
    "zipcode": "SB 03",
    "place": "Southampton",
    "state": "Southampton Parish",
    "state_code": "10",
    "province": "",
    "province_code": "",
    "community": "",
    "community_code": "",
    "latitude": "32.2508",
    "longitude": "-64.8564"
  },
  {
    "country_code": "BM",
    "zipcode": "SB 04",
    "place": "Southampton",
    "state": "Southampton Parish",
    "state_code": "10",
    "province": "",
    "province_code": "",
    "community": "",
    "community_code": "",
    "latitude": "32.2508",
    "longitude": "-64.8564"
  },
  {
    "country_code": "BM",
    "zipcode": "SN 01",
    "place": "Southampton",
    "state": "Southampton Parish",
    "state_code": "10",
    "province": "",
    "province_code": "",
    "community": "",
    "community_code": "",
    "latitude": "32.2508",
    "longitude": "-64.8564"
  },
  {
    "country_code": "BM",
    "zipcode": "SN 02",
    "place": "Southampton",
    "state": "Southampton Parish",
    "state_code": "10",
    "province": "",
    "province_code": "",
    "community": "",
    "community_code": "",
    "latitude": "32.2508",
    "longitude": "-64.8564"
  },
  {
    "country_code": "BM",
    "zipcode": "SN 03",
    "place": "Southampton",
    "state": "Southampton Parish",
    "state_code": "10",
    "province": "",
    "province_code": "",
    "community": "",
    "community_code": "",
    "latitude": "32.2508",
    "longitude": "-64.8564"
  },
  {
    "country_code": "BM",
    "zipcode": "SN 04",
    "place": "Southampton",
    "state": "Southampton Parish",
    "state_code": "10",
    "province": "",
    "province_code": "",
    "community": "",
    "community_code": "",
    "latitude": "32.2508",
    "longitude": "-64.8564"
  },
  {
    "country_code": "BM",
    "zipcode": "WK 01",
    "place": "Southampton",
    "state": "Southampton Parish",
    "state_code": "10",
    "province": "",
    "province_code": "",
    "community": "",
    "community_code": "",
    "latitude": "32.2508",
    "longitude": "-64.8564"
  },
  {
    "country_code": "BM",
    "zipcode": "WK 03",
    "place": "Southampton",
    "state": "Southampton Parish",
    "state_code": "10",
    "province": "",
    "province_code": "",
    "community": "",
    "community_code": "",
    "latitude": "32.2508",
    "longitude": "-64.8564"
  },
  {
    "country_code": "BM",
    "zipcode": "PG 01",
    "place": "Warwick",
    "state": "Warwick Parish",
    "state_code": "11",
    "province": "",
    "province_code": "",
    "community": "",
    "community_code": "",
    "latitude": "32.2658",
    "longitude": "-64.8072"
  },
  {
    "country_code": "BM",
    "zipcode": "PG 04",
    "place": "Warwick",
    "state": "Warwick Parish",
    "state_code": "11",
    "province": "",
    "province_code": "",
    "community": "",
    "community_code": "",
    "latitude": "32.2658",
    "longitude": "-64.8072"
  },
  {
    "country_code": "BM",
    "zipcode": "WK 01",
    "place": "Warwick",
    "state": "Warwick Parish",
    "state_code": "11",
    "province": "",
    "province_code": "",
    "community": "",
    "community_code": "",
    "latitude": "32.2658",
    "longitude": "-64.8072"
  },
  {
    "country_code": "BM",
    "zipcode": "WK 02",
    "place": "Warwick",
    "state": "Warwick Parish",
    "state_code": "11",
    "province": "",
    "province_code": "",
    "community": "",
    "community_code": "",
    "latitude": "32.2658",
    "longitude": "-64.8072"
  },
  {
    "country_code": "BM",
    "zipcode": "WK 03",
    "place": "Warwick",
    "state": "Warwick Parish",
    "state_code": "11",
    "province": "",
    "province_code": "",
    "community": "",
    "community_code": "",
    "latitude": "32.2658",
    "longitude": "-64.8072"
  },
  {
    "country_code": "BM",
    "zipcode": "WK 04",
    "place": "Warwick",
    "state": "Warwick Parish",
    "state_code": "11",
    "province": "",
    "province_code": "",
    "community": "",
    "community_code": "",
    "latitude": "32.2658",
    "longitude": "-64.8072"
  },
  {
    "country_code": "BM",
    "zipcode": "WK 05",
    "place": "Warwick",
    "state": "Warwick Parish",
    "state_code": "11",
    "province": "",
    "province_code": "",
    "community": "",
    "community_code": "",
    "latitude": "32.2658",
    "longitude": "-64.8072"
  },
  {
    "country_code": "BM",
    "zipcode": "WK 06",
    "place": "Warwick",
    "state": "Warwick Parish",
    "state_code": "11",
    "province": "",
    "province_code": "",
    "community": "",
    "community_code": "",
    "latitude": "32.2658",
    "longitude": "-64.8072"
  },
  {
    "country_code": "BM",
    "zipcode": "WK 07",
    "place": "Warwick",
    "state": "Warwick Parish",
    "state_code": "11",
    "province": "",
    "province_code": "",
    "community": "",
    "community_code": "",
    "latitude": "32.2658",
    "longitude": "-64.8072"
  },
  {
    "country_code": "BM",
    "zipcode": "WK 08",
    "place": "Warwick",
    "state": "Warwick Parish",
    "state_code": "11",
    "province": "",
    "province_code": "",
    "community": "",
    "community_code": "",
    "latitude": "32.2658",
    "longitude": "-64.8072"
  },
  {
    "country_code": "BM",
    "zipcode": "WK 09",
    "place": "Warwick",
    "state": "Warwick Parish",
    "state_code": "11",
    "province": "",
    "province_code": "",
    "community": "",
    "community_code": "",
    "latitude": "32.2658",
    "longitude": "-64.8072"
  },
  {
    "country_code": "BM",
    "zipcode": "WK 10",
    "place": "Warwick",
    "state": "Warwick Parish",
    "state_code": "11",
    "province": "",
    "province_code": "",
    "community": "",
    "community_code": "",
    "latitude": "32.2658",
    "longitude": "-64.8072"
  }
]
