[
  {
    "country_code": "AX",
    "zipcode": "22100",
    "place": "Mariehamn",
    "state": "Mariehamns stad",
    "state_code": "211",
    "province": "Mariehamn",
    "province_code": "478",
    "community": "",
    "community_code": "",
    "latitude": "60.1007",
    "longitude": "19.9438"
  },
  {
    "country_code": "AX",
    "zipcode": "22101",
    "place": "Mariehamn",
    "state": "Mariehamns stad",
    "state_code": "211",
    "province": "Mariehamn",
    "province_code": "478",
    "community": "",
    "community_code": "",
    "latitude": "60.0628",
    "longitude": "19.9533"
  },
  {
    "country_code": "AX",
    "zipcode": "22110",
    "place": "Mariehamn",
    "state": "Mariehamns stad",
    "state_code": "211",
    "province": "Mariehamn",
    "province_code": "478",
    "community": "",
    "community_code": "",
    "latitude": "60.0973",
    "longitude": "19.9348"
  },
  {
    "country_code": "AX",
    "zipcode": "22111",
    "place": "Mariehamn",
    "state": "Mariehamns stad",
    "state_code": "211",
    "province": "Mariehamn",
    "province_code": "478",
    "community": "",
    "community_code": "",
    "latitude": "60.0973",
    "longitude": "19.9348"
  },
  {
    "country_code": "AX",
    "zipcode": "22270",
    "place": "Eckerö",
    "state": "Ålands landsbygd",
    "state_code": "212",
    "province": "Eckerö",
    "province_code": "043",
    "community": "",
    "community_code": "",
    "latitude": "60.2203",
    "longitude": "19.6263"
  },
  {
    "country_code": "AX",
    "zipcode": "22220",
    "place": "Emkarby",
    "state": "Ålands landsbygd",
    "state_code": "212",
    "province": "Finström",
    "province_code": "060",
    "community": "",
    "community_code": "",
    "latitude": "60.2394",
    "longitude": "19.848"
  },
  {
    "country_code": "AX",
    "zipcode": "22310",
    "place": "Pålsböle",
    "state": "Ålands landsbygd",
    "state_code": "212",
    "province": "Finström",
    "province_code": "060",
    "community": "",
    "community_code": "",
    "latitude": "60.2756",
    "longitude": "19.9057"
  },
  {
    "country_code": "AX",
    "zipcode": "22330",
    "place": "Tjudö",
    "state": "Ålands landsbygd",
    "state_code": "212",
    "province": "Finström",
    "province_code": "060",
    "community": "",
    "community_code": "",
    "latitude": "60.3398",
    "longitude": "19.9382"
  },
  {
    "country_code": "AX",
    "zipcode": "22410",
    "place": "Godby",
    "state": "Ålands landsbygd",
    "state_code": "212",
    "province": "Finström",
    "province_code": "060",
    "community": "",
    "community_code": "",
    "latitude": "60.2294",
    "longitude": "19.982"
  },
  {
    "country_code": "AX",
    "zipcode": "22411",
    "place": "Godby",
    "state": "Ålands landsbygd",
    "state_code": "212",
    "province": "Finström",
    "province_code": "060",
    "community": "",
    "community_code": "",
    "latitude": "60.2235",
    "longitude": "19.9794"
  },
  {
    "country_code": "AX",
    "zipcode": "22340",
    "place": "Geta",
    "state": "Ålands landsbygd",
    "state_code": "212",
    "province": "Geta",
    "province_code": "065",
    "community": "",
    "community_code": "",
    "latitude": "60.3791",
    "longitude": "19.8878"
  },
  {
    "country_code": "AX",
    "zipcode": "22240",
    "place": "Hammarland",
    "state": "Ålands landsbygd",
    "state_code": "212",
    "province": "Hammarland",
    "province_code": "076",
    "community": "",
    "community_code": "",
    "latitude": "60.2286",
    "longitude": "19.7396"
  },
  {
    "country_code": "AX",
    "zipcode": "22120",
    "place": "Mariehamn",
    "state": "Ålands landsbygd",
    "state_code": "212",
    "province": "Jomala",
    "province_code": "170",
    "community": "",
    "community_code": "",
    "latitude": "60.1141",
    "longitude": "19.913"
  },
  {
    "country_code": "AX",
    "zipcode": "22130",
    "place": "Gottby",
    "state": "Ålands landsbygd",
    "state_code": "212",
    "province": "Jomala",
    "province_code": "170",
    "community": "",
    "community_code": "",
    "latitude": "60.1253",
    "longitude": "19.8285"
  },
  {
    "country_code": "AX",
    "zipcode": "22140",
    "place": "Mariehamn",
    "state": "Ålands landsbygd",
    "state_code": "212",
    "province": "Jomala",
    "province_code": "170",
    "community": "",
    "community_code": "",
    "latitude": "60.1109",
    "longitude": "19.9898"
  },
  {
    "country_code": "AX",
    "zipcode": "22150",
    "place": "Jomala",
    "state": "Ålands landsbygd",
    "state_code": "212",
    "province": "Jomala",
    "province_code": "170",
    "community": "",
    "community_code": "",
    "latitude": "60.1617",
    "longitude": "19.9602"
  },
  {
    "country_code": "AX",
    "zipcode": "22151",
    "place": "Jomala",
    "state": "Ålands landsbygd",
    "state_code": "212",
    "province": "Jomala",
    "province_code": "170",
    "community": "",
    "community_code": "",
    "latitude": "60.1497",
    "longitude": "19.9521"
  },
  {
    "country_code": "AX",
    "zipcode": "22160",
    "place": "Mariehamn",
    "state": "Ålands landsbygd",
    "state_code": "212",
    "province": "Lemland",
    "province_code": "417",
    "community": "",
    "community_code": "",
    "latitude": "60.0314",
    "longitude": "20.0036"
  },
  {
    "country_code": "AX",
    "zipcode": "22610",
    "place": "Lemland",
    "state": "Ålands landsbygd",
    "state_code": "212",
    "province": "Lemland",
    "province_code": "417",
    "community": "",
    "community_code": "",
    "latitude": "60.0491",
    "longitude": "20.1232"
  },
  {
    "country_code": "AX",
    "zipcode": "22630",
    "place": "Lumparland",
    "state": "Ålands landsbygd",
    "state_code": "212",
    "province": "Lumparland",
    "province_code": "438",
    "community": "",
    "community_code": "",
    "latitude": "60.1204",
    "longitude": "20.2616"
  },
  {
    "country_code": "AX",
    "zipcode": "22320",
    "place": "Ödkarby",
    "state": "Ålands landsbygd",
    "state_code": "212",
    "province": "Saltvik",
    "province_code": "736",
    "community": "",
    "community_code": "",
    "latitude": "60.3162",
    "longitude": "20.0054"
  },
  {
    "country_code": "AX",
    "zipcode": "22430",
    "place": "Saltvik",
    "state": "Ålands landsbygd",
    "state_code": "212",
    "province": "Saltvik",
    "province_code": "736",
    "community": "",
    "community_code": "",
    "latitude": "60.3146",
    "longitude": "20.1073"
  },
  {
    "country_code": "AX",
    "zipcode": "22520",
    "place": "Kastelholm",
    "state": "Ålands landsbygd",
    "state_code": "212",
    "province": "Sund",
    "province_code": "771",
    "community": "",
    "community_code": "",
    "latitude": "60.2383",
    "longitude": "20.1013"
  },
  {
    "country_code": "AX",
    "zipcode": "22530",
    "place": "Sund",
    "state": "Ålands landsbygd",
    "state_code": "212",
    "province": "Sund",
    "province_code": "771",
    "community": "",
    "community_code": "",
    "latitude": "60.2275",
    "longitude": "20.1999"
  },
  {
    "country_code": "AX",
    "zipcode": "22840",
    "place": "Lappo",
    "state": "Ålands skärgård",
    "state_code": "213",
    "province": "Brändö",
    "province_code": "035",
    "community": "",
    "community_code": "",
    "latitude": "60.3107",
    "longitude": "20.9895"
  },
  {
    "country_code": "AX",
    "zipcode": "22910",
    "place": "Torsholma",
    "state": "Ålands skärgård",
    "state_code": "213",
    "province": "Brändö",
    "province_code": "035",
    "community": "",
    "community_code": "",
    "latitude": "60.3556",
    "longitude": "21.0648"
  },
  {
    "country_code": "AX",
    "zipcode": "22920",
    "place": "Brändö",
    "state": "Ålands skärgård",
    "state_code": "213",
    "province": "Brändö",
    "province_code": "035",
    "community": "",
    "community_code": "",
    "latitude": "60.4138",
    "longitude": "21.039"
  },
  {
    "country_code": "AX",
    "zipcode": "22930",
    "place": "Fiskö",
    "state": "Ålands skärgård",
    "state_code": "213",
    "province": "Brändö",
    "province_code": "035",
    "community": "",
    "community_code": "",
    "latitude": "60.4525",
    "longitude": "21.0695"
  },
  {
    "country_code": "AX",
    "zipcode": "22940",
    "place": "Åva",
    "state": "Ålands skärgård",
    "state_code": "213",
    "province": "Brändö",
    "province_code": "035",
    "community": "",
    "community_code": "",
    "latitude": "60.4588",
    "longitude": "21.1607"
  },
  {
    "country_code": "AX",
    "zipcode": "22950",
    "place": "Jurmo",
    "state": "Ålands skärgård",
    "state_code": "213",
    "province": "Brändö",
    "province_code": "035",
    "community": "",
    "community_code": "",
    "latitude": "60.5196",
    "longitude": "21.0717"
  },
  {
    "country_code": "AX",
    "zipcode": "22710",
    "place": "Föglö",
    "state": "Ålands skärgård",
    "state_code": "213",
    "province": "Föglö",
    "province_code": "062",
    "community": "",
    "community_code": "",
    "latitude": "60.0316",
    "longitude": "20.4605"
  },
  {
    "country_code": "AX",
    "zipcode": "22810",
    "place": "Seglinge",
    "state": "Ålands skärgård",
    "state_code": "213",
    "province": "Kumlinge",
    "province_code": "295",
    "community": "",
    "community_code": "",
    "latitude": "60.2018",
    "longitude": "20.7098"
  },
  {
    "country_code": "AX",
    "zipcode": "22820",
    "place": "Kumlinge",
    "state": "Ålands skärgård",
    "state_code": "213",
    "province": "Kumlinge",
    "province_code": "295",
    "community": "",
    "community_code": "",
    "latitude": "60.261",
    "longitude": "20.7934"
  },
  {
    "country_code": "AX",
    "zipcode": "22830",
    "place": "Enklinge",
    "state": "Ålands skärgård",
    "state_code": "213",
    "province": "Kumlinge",
    "province_code": "295",
    "community": "",
    "community_code": "",
    "latitude": "60.3349",
    "longitude": "20.758"
  },
  {
    "country_code": "AX",
    "zipcode": "22730",
    "place": "Kökar",
    "state": "Ålands skärgård",
    "state_code": "213",
    "province": "Kökar",
    "province_code": "318",
    "community": "",
    "community_code": "",
    "latitude": "59.9345",
    "longitude": "20.9298"
  },
  {
    "country_code": "AX",
    "zipcode": "22720",
    "place": "Sottunga",
    "state": "Ålands skärgård",
    "state_code": "213",
    "province": "Sottunga",
    "province_code": "766",
    "community": "",
    "community_code": "",
    "latitude": "60.1248",
    "longitude": "20.6751"
  },
  {
    "country_code": "AX",
    "zipcode": "22550",
    "place": "Vårdö",
    "state": "Ålands skärgård",
    "state_code": "213",
    "province": "Vårdö",
    "province_code": "941",
    "community": "",
    "community_code": "",
    "latitude": "60.2607",
    "longitude": "20.3725"
  }
]
