[
  {
    "country_code": "IS",
    "zipcode": "101",
    "place": "Reykjavík - 1",
    "state": "",
    "state_code": "",
    "province": "",
    "province_code": "",
    "community": "",
    "community_code": "",
    "latitude": "64.1432",
    "longitude": "-21.9466"
  },
  {
    "country_code": "IS",
    "zipcode": "103",
    "place": "Reykjavík - 3",
    "state": "",
    "state_code": "",
    "province": "",
    "province_code": "",
    "community": "",
    "community_code": "",
    "latitude": "64.1303",
    "longitude": "-21.8961"
  },
  {
    "country_code": "IS",
    "zipcode": "104",
    "place": "Reykjavík - 4",
    "state": "",
    "state_code": "",
    "province": "",
    "province_code": "",
    "community": "",
    "community_code": "",
    "latitude": "64.1421",
    "longitude": "-21.8528"
  },
  {
    "country_code": "IS",
    "zipcode": "105",
    "place": "Reykjavík - 5",
    "state": "",
    "state_code": "",
    "province": "",
    "province_code": "",
    "community": "",
    "community_code": "",
    "latitude": "64.1383",
    "longitude": "-21.8959"
  },
  {
    "country_code": "IS",
    "zipcode": "107",
    "place": "Reykjavík - 7",
    "state": "",
    "state_code": "",
    "province": "",
    "province_code": "",
    "community": "",
    "community_code": "",
    "latitude": "64.1472",
    "longitude": "-21.9748"
  },
  {
    "country_code": "IS",
    "zipcode": "108",
    "place": "Reykjavík - 8",
    "state": "",
    "state_code": "",
    "province": "",
    "province_code": "",
    "community": "",
    "community_code": "",
    "latitude": "64.1225",
    "longitude": "-21.8711"
  },
  {
    "country_code": "IS",
    "zipcode": "109",
    "place": "Reykjavík - 9",
    "state": "",
    "state_code": "",
    "province": "",
    "province_code": "",
    "community": "",
    "community_code": "",
    "latitude": "64.1098",
    "longitude": "-21.8358"
  },
  {
    "country_code": "IS",
    "zipcode": "110",
    "place": "Reykjavík - 10",
    "state": "",
    "state_code": "",
    "province": "",
    "province_code": "",
    "community": "",
    "community_code": "",
    "latitude": "64.1251",
    "longitude": "-21.8197"
  },
  {
    "country_code": "IS",
    "zipcode": "111",
    "place": "Reykjavík - 11",
    "state": "",
    "state_code": "",
    "province": "",
    "province_code": "",
    "community": "",
    "community_code": "",
    "latitude": "64.1054",
    "longitude": "-21.8166"
  },
  {
    "country_code": "IS",
    "zipcode": "112",
    "place": "Reykjavík - 12",
    "state": "",
    "state_code": "",
    "province": "",
    "province_code": "",
    "community": "",
    "community_code": "",
    "latitude": "64.1445",
    "longitude": "-21.7964"
  },
  {
    "country_code": "IS",
    "zipcode": "113",
    "place": "Reykjavík - 13",
    "state": "",
    "state_code": "",
    "province": "",
    "province_code": "",
    "community": "",
    "community_code": "",
    "latitude": "64.1286",
    "longitude": "-21.7572"
  },
  {
    "country_code": "IS",
    "zipcode": "116",
    "place": "Kjalarnesi",
    "state": "",
    "state_code": "",
    "province": "",
    "province_code": "",
    "community": "",
    "community_code": "",
    "latitude": "64.2406",
    "longitude": "-21.8367"
  },
  {
    "country_code": "IS",
    "zipcode": "121",
    "place": "Reykjavík - 1",
    "state": "",
    "state_code": "",
    "province": "",
    "province_code": "",
    "community": "",
    "community_code": "",
    "latitude": "64.1476",
    "longitude": "-21.9383"
  },
  {
    "country_code": "IS",
    "zipcode": "123",
    "place": "Reykjavík - 3",
    "state": "",
    "state_code": "",
    "province": "",
    "province_code": "",
    "community": "",
    "community_code": "",
    "latitude": "64.1366",
    "longitude": "-21.8807"
  },
  {
    "country_code": "IS",
    "zipcode": "124",
    "place": "Reykjavík - 4",
    "state": "",
    "state_code": "",
    "province": "",
    "province_code": "",
    "community": "",
    "community_code": "",
    "latitude": "64.1366",
    "longitude": "-21.8807"
  },
  {
    "country_code": "IS",
    "zipcode": "125",
    "place": "Reykjavík - 5",
    "state": "",
    "state_code": "",
    "province": "",
    "province_code": "",
    "community": "",
    "community_code": "",
    "latitude": "64.1366",
    "longitude": "-21.8807"
  },
  {
    "country_code": "IS",
    "zipcode": "127",
    "place": "Reykjavík - 7",
    "state": "",
    "state_code": "",
    "province": "",
    "province_code": "",
    "community": "",
    "community_code": "",
    "latitude": "64.1504",
    "longitude": "-21.9851"
  },
  {
    "country_code": "IS",
    "zipcode": "128",
    "place": "Reykjavík - 8",
    "state": "",
    "state_code": "",
    "province": "",
    "province_code": "",
    "community": "",
    "community_code": "",
    "latitude": "64.1366",
    "longitude": "-21.8807"
  },
  {
    "country_code": "IS",
    "zipcode": "129",
    "place": "Reykjavík - 9",
    "state": "",
    "state_code": "",
    "province": "",
    "province_code": "",
    "community": "",
    "community_code": "",
    "latitude": "64.1095",
    "longitude": "-21.8428"
  },
  {
    "country_code": "IS",
    "zipcode": "130",
    "place": "Reykjavík - 10",
    "state": "",
    "state_code": "",
    "province": "",
    "province_code": "",
    "community": "",
    "community_code": "",
    "latitude": "64.1182",
    "longitude": "-21.7967"
  },
  {
    "country_code": "IS",
    "zipcode": "132",
    "place": "Reykjavík - 12",
    "state": "",
    "state_code": "",
    "province": "",
    "province_code": "",
    "community": "",
    "community_code": "",
    "latitude": "64.1345",
    "longitude": "-21.7986"
  },
  {
    "country_code": "IS",
    "zipcode": "150",
    "place": "Reykjavík",
    "state": "",
    "state_code": "",
    "province": "",
    "province_code": "",
    "community": "",
    "community_code": "",
    "latitude": "64.1256",
    "longitude": "-21.8061"
  },
  {
    "country_code": "IS",
    "zipcode": "155",
    "place": "Reykjavík",
    "state": "",
    "state_code": "",
    "province": "",
    "province_code": "",
    "community": "",
    "community_code": "",
    "latitude": "64.1256",
    "longitude": "-21.8061"
  },
  {
    "country_code": "IS",
    "zipcode": "170",
    "place": "Seltjarnarnesi",
    "state": "",
    "state_code": "",
    "province": "",
    "province_code": "",
    "community": "",
    "community_code": "",
    "latitude": "64.1531",
    "longitude": "-21.995"
  },
  {
    "country_code": "IS",
    "zipcode": "172",
    "place": "Seltjarnarnesi",
    "state": "",
    "state_code": "",
    "province": "",
    "province_code": "",
    "community": "",
    "community_code": "",
    "latitude": "64.1504",
    "longitude": "-21.985"
  },
  {
    "country_code": "IS",
    "zipcode": "190",
    "place": "Vogum",
    "state": "",
    "state_code": "",
    "province": "",
    "province_code": "",
    "community": "",
    "community_code": "",
    "latitude": "63.9816",
    "longitude": "-22.3847"
  },
  {
    "country_code": "IS",
    "zipcode": "200",
    "place": "Kópavogi",
    "state": "",
    "state_code": "",
    "province": "",
    "province_code": "",
    "community": "",
    "community_code": "",
    "latitude": "64.1114",
    "longitude": "-21.8973"
  },
  {
    "country_code": "IS",
    "zipcode": "201",
    "place": "Kópavogi",
    "state": "",
    "state_code": "",
    "province": "",
    "province_code": "",
    "community": "",
    "community_code": "",
    "latitude": "64.099",
    "longitude": "-21.8749"
  },
  {
    "country_code": "IS",
    "zipcode": "202",
    "place": "Kópavogi",
    "state": "",
    "state_code": "",
    "province": "",
    "province_code": "",
    "community": "",
    "community_code": "",
    "latitude": "64.1057",
    "longitude": "-21.8702"
  },
  {
    "country_code": "IS",
    "zipcode": "203",
    "place": "Kópavogi",
    "state": "",
    "state_code": "",
    "province": "",
    "province_code": "",
    "community": "",
    "community_code": "",
    "latitude": "64.0885",
    "longitude": "-21.8312"
  },
  {
    "country_code": "IS",
    "zipcode": "210",
    "place": "Garðabæ",
    "state": "",
    "state_code": "",
    "province": "",
    "province_code": "",
    "community": "",
    "community_code": "",
    "latitude": "64.0891",
    "longitude": "-21.9163"
  },
  {
    "country_code": "IS",
    "zipcode": "212",
    "place": "Garðabæ",
    "state": "",
    "state_code": "",
    "province": "",
    "province_code": "",
    "community": "",
    "community_code": "",
    "latitude": "64.091",
    "longitude": "-21.9255"
  },
  {
    "country_code": "IS",
    "zipcode": "220",
    "place": "Hafnarfirði",
    "state": "",
    "state_code": "",
    "province": "",
    "province_code": "",
    "community": "",
    "community_code": "",
    "latitude": "64.0669",
    "longitude": "-21.9529"
  },
  {
    "country_code": "IS",
    "zipcode": "221",
    "place": "Hafnarfirði",
    "state": "",
    "state_code": "",
    "province": "",
    "province_code": "",
    "community": "",
    "community_code": "",
    "latitude": "64.0573",
    "longitude": "-21.9474"
  },
  {
    "country_code": "IS",
    "zipcode": "222",
    "place": "Hafnarfirði",
    "state": "",
    "state_code": "",
    "province": "",
    "province_code": "",
    "community": "",
    "community_code": "",
    "latitude": "64.068",
    "longitude": "-21.9566"
  },
  {
    "country_code": "IS",
    "zipcode": "225",
    "place": "Álftanesi",
    "state": "",
    "state_code": "",
    "province": "",
    "province_code": "",
    "community": "",
    "community_code": "",
    "latitude": "64.1",
    "longitude": "-22.0167"
  },
  {
    "country_code": "IS",
    "zipcode": "230",
    "place": "Reykjanesbæ",
    "state": "",
    "state_code": "",
    "province": "",
    "province_code": "",
    "community": "",
    "community_code": "",
    "latitude": "64.0026",
    "longitude": "-22.5632"
  },
  {
    "country_code": "IS",
    "zipcode": "232",
    "place": "Reykjanesbæ",
    "state": "",
    "state_code": "",
    "province": "",
    "province_code": "",
    "community": "",
    "community_code": "",
    "latitude": "63.9961",
    "longitude": "-22.548"
  },
  {
    "country_code": "IS",
    "zipcode": "233",
    "place": "Reykjanesbæ",
    "state": "",
    "state_code": "",
    "province": "",
    "province_code": "",
    "community": "",
    "community_code": "",
    "latitude": "63.9796",
    "longitude": "-22.5438"
  },
  {
    "country_code": "IS",
    "zipcode": "235",
    "place": "Keflavíkurflugvelli",
    "state": "",
    "state_code": "",
    "province": "",
    "province_code": "",
    "community": "",
    "community_code": "",
    "latitude": "63.9742",
    "longitude": "-22.577"
  },
  {
    "country_code": "IS",
    "zipcode": "240",
    "place": "Grindavík",
    "state": "",
    "state_code": "",
    "province": "",
    "province_code": "",
    "community": "",
    "community_code": "",
    "latitude": "63.8394",
    "longitude": "-22.4383"
  },
  {
    "country_code": "IS",
    "zipcode": "245",
    "place": "Sandgerði",
    "state": "",
    "state_code": "",
    "province": "",
    "province_code": "",
    "community": "",
    "community_code": "",
    "latitude": "64.0381",
    "longitude": "-22.7031"
  },
  {
    "country_code": "IS",
    "zipcode": "250",
    "place": "Garði",
    "state": "",
    "state_code": "",
    "province": "",
    "province_code": "",
    "community": "",
    "community_code": "",
    "latitude": "64.0699",
    "longitude": "-22.6511"
  },
  {
    "country_code": "IS",
    "zipcode": "260",
    "place": "Reykjanesbæ",
    "state": "",
    "state_code": "",
    "province": "",
    "province_code": "",
    "community": "",
    "community_code": "",
    "latitude": "63.9739",
    "longitude": "-22.5208"
  },
  {
    "country_code": "IS",
    "zipcode": "270",
    "place": "Mosfellsbæ",
    "state": "",
    "state_code": "",
    "province": "",
    "province_code": "",
    "community": "",
    "community_code": "",
    "latitude": "64.1667",
    "longitude": "-21.6977"
  },
  {
    "country_code": "IS",
    "zipcode": "271",
    "place": "Mosfellsbæ",
    "state": "",
    "state_code": "",
    "province": "",
    "province_code": "",
    "community": "",
    "community_code": "",
    "latitude": "64.1667",
    "longitude": "-21.6977"
  },
  {
    "country_code": "IS",
    "zipcode": "276",
    "place": "Mosfellsbæ",
    "state": "",
    "state_code": "",
    "province": "",
    "province_code": "",
    "community": "",
    "community_code": "",
    "latitude": "64.3015",
    "longitude": "-21.7845"
  },
  {
    "country_code": "IS",
    "zipcode": "300",
    "place": "Akranesi",
    "state": "",
    "state_code": "",
    "province": "",
    "province_code": "",
    "community": "",
    "community_code": "",
    "latitude": "64.3218",
    "longitude": "-22.075"
  },
  {
    "country_code": "IS",
    "zipcode": "301",
    "place": "Akranesi",
    "state": "",
    "state_code": "",
    "province": "",
    "province_code": "",
    "community": "",
    "community_code": "",
    "latitude": "64.3218",
    "longitude": "-22.075"
  },
  {
    "country_code": "IS",
    "zipcode": "302",
    "place": "Akranesi",
    "state": "",
    "state_code": "",
    "province": "",
    "province_code": "",
    "community": "",
    "community_code": "",
    "latitude": "64.3263",
    "longitude": "-22.0563"
  },
  {
    "country_code": "IS",
    "zipcode": "310",
    "place": "Borgarnesi",
    "state": "",
    "state_code": "",
    "province": "",
    "province_code": "",
    "community": "",
    "community_code": "",
    "latitude": "64.5383",
    "longitude": "-21.9206"
  },
  {
    "country_code": "IS",
    "zipcode": "311",
    "place": "Borgarnesi",
    "state": "",
    "state_code": "",
    "province": "",
    "province_code": "",
    "community": "",
    "community_code": "",
    "latitude": "64.5383",
    "longitude": "-21.9206"
  },
  {
    "country_code": "IS",
    "zipcode": "320",
    "place": "Reykholt í Borgarfirði",
    "state": "",
    "state_code": "",
    "province": "",
    "province_code": "",
    "community": "",
    "community_code": "",
    "latitude": "64.6644",
    "longitude": "-21.2915"
  },
  {
    "country_code": "IS",
    "zipcode": "340",
    "place": "Stykkishólmi",
    "state": "",
    "state_code": "",
    "province": "",
    "province_code": "",
    "community": "",
    "community_code": "",
    "latitude": "65.0754",
    "longitude": "-22.7298"
  },
  {
    "country_code": "IS",
    "zipcode": "345",
    "place": "Flatey á Breiðafirði",
    "state": "",
    "state_code": "",
    "province": "",
    "province_code": "",
    "community": "",
    "community_code": "",
    "latitude": "65.3759",
    "longitude": "-22.9179"
  },
  {
    "country_code": "IS",
    "zipcode": "350",
    "place": "Grundarfirði",
    "state": "",
    "state_code": "",
    "province": "",
    "province_code": "",
    "community": "",
    "community_code": "",
    "latitude": "64.9243",
    "longitude": "-23.2631"
  },
  {
    "country_code": "IS",
    "zipcode": "355",
    "place": "Ólafsvík",
    "state": "",
    "state_code": "",
    "province": "",
    "province_code": "",
    "community": "",
    "community_code": "",
    "latitude": "64.8943",
    "longitude": "-23.7092"
  },
  {
    "country_code": "IS",
    "zipcode": "356",
    "place": "Snæfellsbæ",
    "state": "",
    "state_code": "",
    "province": "",
    "province_code": "",
    "community": "",
    "community_code": "",
    "latitude": "64.8943",
    "longitude": "-23.7092"
  },
  {
    "country_code": "IS",
    "zipcode": "360",
    "place": "Hellissandi",
    "state": "",
    "state_code": "",
    "province": "",
    "province_code": "",
    "community": "",
    "community_code": "",
    "latitude": "64.9176",
    "longitude": "-23.8856"
  },
  {
    "country_code": "IS",
    "zipcode": "370",
    "place": "Búðardal",
    "state": "",
    "state_code": "",
    "province": "",
    "province_code": "",
    "community": "",
    "community_code": "",
    "latitude": "65.1094",
    "longitude": "-21.7639"
  },
  {
    "country_code": "IS",
    "zipcode": "371",
    "place": "Búðardal",
    "state": "",
    "state_code": "",
    "province": "",
    "province_code": "",
    "community": "",
    "community_code": "",
    "latitude": "65.1094",
    "longitude": "-21.7639"
  },
  {
    "country_code": "IS",
    "zipcode": "380",
    "place": "Reykhólahreppi",
    "state": "",
    "state_code": "",
    "province": "",
    "province_code": "",
    "community": "",
    "community_code": "",
    "latitude": "65.4461",
    "longitude": "-22.1899"
  },
  {
    "country_code": "IS",
    "zipcode": "400",
    "place": "Ísafirði",
    "state": "",
    "state_code": "",
    "province": "",
    "province_code": "",
    "community": "",
    "community_code": "",
    "latitude": "66.0747",
    "longitude": "-23.135"
  },
  {
    "country_code": "IS",
    "zipcode": "401",
    "place": "Ísafirði",
    "state": "",
    "state_code": "",
    "province": "",
    "province_code": "",
    "community": "",
    "community_code": "",
    "latitude": "66.0747",
    "longitude": "-23.135"
  },
  {
    "country_code": "IS",
    "zipcode": "410",
    "place": "Hnífsdal",
    "state": "",
    "state_code": "",
    "province": "",
    "province_code": "",
    "community": "",
    "community_code": "",
    "latitude": "66.1113",
    "longitude": "-23.1204"
  },
  {
    "country_code": "IS",
    "zipcode": "415",
    "place": "Bolungarvík",
    "state": "",
    "state_code": "",
    "province": "",
    "province_code": "",
    "community": "",
    "community_code": "",
    "latitude": "66.1592",
    "longitude": "-23.2494"
  },
  {
    "country_code": "IS",
    "zipcode": "420",
    "place": "Súðavík",
    "state": "",
    "state_code": "",
    "province": "",
    "province_code": "",
    "community": "",
    "community_code": "",
    "latitude": "66.0383",
    "longitude": "-22.9859"
  },
  {
    "country_code": "IS",
    "zipcode": "425",
    "place": "Flateyri",
    "state": "",
    "state_code": "",
    "province": "",
    "province_code": "",
    "community": "",
    "community_code": "",
    "latitude": "66.0512",
    "longitude": "-23.5155"
  },
  {
    "country_code": "IS",
    "zipcode": "430",
    "place": "Suðureyri",
    "state": "",
    "state_code": "",
    "province": "",
    "province_code": "",
    "community": "",
    "community_code": "",
    "latitude": "66.1304",
    "longitude": "-23.528"
  },
  {
    "country_code": "IS",
    "zipcode": "450",
    "place": "Patreksfirði",
    "state": "",
    "state_code": "",
    "province": "",
    "province_code": "",
    "community": "",
    "community_code": "",
    "latitude": "65.5978",
    "longitude": "-23.996"
  },
  {
    "country_code": "IS",
    "zipcode": "451",
    "place": "Patreksfirði",
    "state": "",
    "state_code": "",
    "province": "",
    "province_code": "",
    "community": "",
    "community_code": "",
    "latitude": "65.5978",
    "longitude": "-23.996"
  },
  {
    "country_code": "IS",
    "zipcode": "460",
    "place": "Tálknafirði",
    "state": "",
    "state_code": "",
    "province": "",
    "province_code": "",
    "community": "",
    "community_code": "",
    "latitude": "65.6265",
    "longitude": "-23.8246"
  },
  {
    "country_code": "IS",
    "zipcode": "465",
    "place": "Bíldudal",
    "state": "",
    "state_code": "",
    "province": "",
    "province_code": "",
    "community": "",
    "community_code": "",
    "latitude": "65.6853",
    "longitude": "-23.5999"
  },
  {
    "country_code": "IS",
    "zipcode": "470",
    "place": "Þingeyri",
    "state": "",
    "state_code": "",
    "province": "",
    "province_code": "",
    "community": "",
    "community_code": "",
    "latitude": "65.879",
    "longitude": "-23.4929"
  },
  {
    "country_code": "IS",
    "zipcode": "471",
    "place": "Þingeyri",
    "state": "",
    "state_code": "",
    "province": "",
    "province_code": "",
    "community": "",
    "community_code": "",
    "latitude": "65.879",
    "longitude": "-23.4929"
  },
  {
    "country_code": "IS",
    "zipcode": "500",
    "place": "Stað",
    "state": "",
    "state_code": "",
    "province": "",
    "province_code": "",
    "community": "",
    "community_code": "",
    "latitude": "65.7681",
    "longitude": "-21.864"
  },
  {
    "country_code": "IS",
    "zipcode": "510",
    "place": "Hólmavík",
    "state": "",
    "state_code": "",
    "province": "",
    "province_code": "",
    "community": "",
    "community_code": "",
    "latitude": "65.7077",
    "longitude": "-21.6706"
  },
  {
    "country_code": "IS",
    "zipcode": "512",
    "place": "Hólmavík",
    "state": "",
    "state_code": "",
    "province": "",
    "province_code": "",
    "community": "",
    "community_code": "",
    "latitude": "65.7077",
    "longitude": "-21.6706"
  },
  {
    "country_code": "IS",
    "zipcode": "520",
    "place": "Drangsnesi",
    "state": "",
    "state_code": "",
    "province": "",
    "province_code": "",
    "community": "",
    "community_code": "",
    "latitude": "65.6892",
    "longitude": "-21.4435"
  },
  {
    "country_code": "IS",
    "zipcode": "524",
    "place": "Norðurfirði",
    "state": "",
    "state_code": "",
    "province": "",
    "province_code": "",
    "community": "",
    "community_code": "",
    "latitude": "66.0079",
    "longitude": "-21.5346"
  },
  {
    "country_code": "IS",
    "zipcode": "530",
    "place": "Hvammstanga",
    "state": "",
    "state_code": "",
    "province": "",
    "province_code": "",
    "community": "",
    "community_code": "",
    "latitude": "65.3971",
    "longitude": "-20.9435"
  },
  {
    "country_code": "IS",
    "zipcode": "531",
    "place": "Hvammstanga",
    "state": "",
    "state_code": "",
    "province": "",
    "province_code": "",
    "community": "",
    "community_code": "",
    "latitude": "65.3971",
    "longitude": "-20.9435"
  },
  {
    "country_code": "IS",
    "zipcode": "540",
    "place": "Blönduósi",
    "state": "",
    "state_code": "",
    "province": "",
    "province_code": "",
    "community": "",
    "community_code": "",
    "latitude": "65.6593",
    "longitude": "-20.2808"
  },
  {
    "country_code": "IS",
    "zipcode": "541",
    "place": "Blönduósi",
    "state": "",
    "state_code": "",
    "province": "",
    "province_code": "",
    "community": "",
    "community_code": "",
    "latitude": "65.6593",
    "longitude": "-20.2808"
  },
  {
    "country_code": "IS",
    "zipcode": "545",
    "place": "Skagaströnd",
    "state": "",
    "state_code": "",
    "province": "",
    "province_code": "",
    "community": "",
    "community_code": "",
    "latitude": "65.8232",
    "longitude": "-20.3025"
  },
  {
    "country_code": "IS",
    "zipcode": "550",
    "place": "Sauðárkróki",
    "state": "",
    "state_code": "",
    "province": "",
    "province_code": "",
    "community": "",
    "community_code": "",
    "latitude": "65.7461",
    "longitude": "-19.6394"
  },
  {
    "country_code": "IS",
    "zipcode": "551",
    "place": "Sauðárkróki",
    "state": "",
    "state_code": "",
    "province": "",
    "province_code": "",
    "community": "",
    "community_code": "",
    "latitude": "65.7461",
    "longitude": "-19.6394"
  },
  {
    "country_code": "IS",
    "zipcode": "560",
    "place": "Varmahlíð",
    "state": "",
    "state_code": "",
    "province": "",
    "province_code": "",
    "community": "",
    "community_code": "",
    "latitude": "65.5526",
    "longitude": "-19.4465"
  },
  {
    "country_code": "IS",
    "zipcode": "565",
    "place": "Hofsós",
    "state": "",
    "state_code": "",
    "province": "",
    "province_code": "",
    "community": "",
    "community_code": "",
    "latitude": "65.899",
    "longitude": "-19.413"
  },
  {
    "country_code": "IS",
    "zipcode": "566",
    "place": "Hofsós",
    "state": "",
    "state_code": "",
    "province": "",
    "province_code": "",
    "community": "",
    "community_code": "",
    "latitude": "65.899",
    "longitude": "-19.413"
  },
  {
    "country_code": "IS",
    "zipcode": "570",
    "place": "Fljótum",
    "state": "",
    "state_code": "",
    "province": "",
    "province_code": "",
    "community": "",
    "community_code": "",
    "latitude": "66.0514",
    "longitude": "-19.0166"
  },
  {
    "country_code": "IS",
    "zipcode": "580",
    "place": "Siglufirði",
    "state": "",
    "state_code": "",
    "province": "",
    "province_code": "",
    "community": "",
    "community_code": "",
    "latitude": "66.152",
    "longitude": "-18.9081"
  },
  {
    "country_code": "IS",
    "zipcode": "600",
    "place": "Akureyri",
    "state": "",
    "state_code": "",
    "province": "",
    "province_code": "",
    "community": "",
    "community_code": "",
    "latitude": "65.6835",
    "longitude": "-18.0878"
  },
  {
    "country_code": "IS",
    "zipcode": "601",
    "place": "Akureyri",
    "state": "",
    "state_code": "",
    "province": "",
    "province_code": "",
    "community": "",
    "community_code": "",
    "latitude": "65.6835",
    "longitude": "-18.0878"
  },
  {
    "country_code": "IS",
    "zipcode": "602",
    "place": "Akureyri",
    "state": "",
    "state_code": "",
    "province": "",
    "province_code": "",
    "community": "",
    "community_code": "",
    "latitude": "65.683",
    "longitude": "-18.0908"
  },
  {
    "country_code": "IS",
    "zipcode": "603",
    "place": "Akureyri",
    "state": "",
    "state_code": "",
    "province": "",
    "province_code": "",
    "community": "",
    "community_code": "",
    "latitude": "65.6929",
    "longitude": "-18.1186"
  },
  {
    "country_code": "IS",
    "zipcode": "610",
    "place": "Grenivík",
    "state": "",
    "state_code": "",
    "province": "",
    "province_code": "",
    "community": "",
    "community_code": "",
    "latitude": "65.951",
    "longitude": "-18.1749"
  },
  {
    "country_code": "IS",
    "zipcode": "611",
    "place": "Grímsey",
    "state": "",
    "state_code": "",
    "province": "",
    "province_code": "",
    "community": "",
    "community_code": "",
    "latitude": "66.5394",
    "longitude": "-18.0135"
  },
  {
    "country_code": "IS",
    "zipcode": "620",
    "place": "Dalvík",
    "state": "",
    "state_code": "",
    "province": "",
    "province_code": "",
    "community": "",
    "community_code": "",
    "latitude": "65.9702",
    "longitude": "-18.5286"
  },
  {
    "country_code": "IS",
    "zipcode": "621",
    "place": "Dalvík",
    "state": "",
    "state_code": "",
    "province": "",
    "province_code": "",
    "community": "",
    "community_code": "",
    "latitude": "65.9702",
    "longitude": "-18.5286"
  },
  {
    "country_code": "IS",
    "zipcode": "625",
    "place": "Ólafsfirði",
    "state": "",
    "state_code": "",
    "province": "",
    "province_code": "",
    "community": "",
    "community_code": "",
    "latitude": "66.0672",
    "longitude": "-18.644"
  },
  {
    "country_code": "IS",
    "zipcode": "630",
    "place": "Hrísey",
    "state": "",
    "state_code": "",
    "province": "",
    "province_code": "",
    "community": "",
    "community_code": "",
    "latitude": "65.9784",
    "longitude": "-18.3778"
  },
  {
    "country_code": "IS",
    "zipcode": "640",
    "place": "Húsavík",
    "state": "",
    "state_code": "",
    "province": "",
    "province_code": "",
    "community": "",
    "community_code": "",
    "latitude": "66.0415",
    "longitude": "-17.3383"
  },
  {
    "country_code": "IS",
    "zipcode": "641",
    "place": "Húsavík",
    "state": "",
    "state_code": "",
    "province": "",
    "province_code": "",
    "community": "",
    "community_code": "",
    "latitude": "66.0415",
    "longitude": "-17.3383"
  },
  {
    "country_code": "IS",
    "zipcode": "645",
    "place": "Fosshólli",
    "state": "",
    "state_code": "",
    "province": "",
    "province_code": "",
    "community": "",
    "community_code": "",
    "latitude": "65.6859",
    "longitude": "-17.5386"
  },
  {
    "country_code": "IS",
    "zipcode": "650",
    "place": "Laugum",
    "state": "",
    "state_code": "",
    "province": "",
    "province_code": "",
    "community": "",
    "community_code": "",
    "latitude": "65.7215",
    "longitude": "-17.3606"
  },
  {
    "country_code": "IS",
    "zipcode": "660",
    "place": "Mývatni",
    "state": "",
    "state_code": "",
    "province": "",
    "province_code": "",
    "community": "",
    "community_code": "",
    "latitude": "65.6207",
    "longitude": "-16.9823"
  },
  {
    "country_code": "IS",
    "zipcode": "670",
    "place": "Kópaskeri",
    "state": "",
    "state_code": "",
    "province": "",
    "province_code": "",
    "community": "",
    "community_code": "",
    "latitude": "66.3018",
    "longitude": "-16.4445"
  },
  {
    "country_code": "IS",
    "zipcode": "671",
    "place": "Kópaskeri",
    "state": "",
    "state_code": "",
    "province": "",
    "province_code": "",
    "community": "",
    "community_code": "",
    "latitude": "66.2984",
    "longitude": "-16.4304"
  },
  {
    "country_code": "IS",
    "zipcode": "675",
    "place": "Raufarhöfn",
    "state": "",
    "state_code": "",
    "province": "",
    "province_code": "",
    "community": "",
    "community_code": "",
    "latitude": "66.4543",
    "longitude": "-15.9511"
  },
  {
    "country_code": "IS",
    "zipcode": "680",
    "place": "Þórshöfn",
    "state": "",
    "state_code": "",
    "province": "",
    "province_code": "",
    "community": "",
    "community_code": "",
    "latitude": "66.1981",
    "longitude": "-15.3368"
  },
  {
    "country_code": "IS",
    "zipcode": "681",
    "place": "Þórshöfn",
    "state": "",
    "state_code": "",
    "province": "",
    "province_code": "",
    "community": "",
    "community_code": "",
    "latitude": "66.1981",
    "longitude": "-15.3368"
  },
  {
    "country_code": "IS",
    "zipcode": "685",
    "place": "Bakkafirði",
    "state": "",
    "state_code": "",
    "province": "",
    "province_code": "",
    "community": "",
    "community_code": "",
    "latitude": "66.0377",
    "longitude": "-14.7931"
  },
  {
    "country_code": "IS",
    "zipcode": "690",
    "place": "Vopnafirði",
    "state": "",
    "state_code": "",
    "province": "",
    "province_code": "",
    "community": "",
    "community_code": "",
    "latitude": "65.7566",
    "longitude": "-14.8278"
  },
  {
    "country_code": "IS",
    "zipcode": "700",
    "place": "Egilsstöðum",
    "state": "",
    "state_code": "",
    "province": "",
    "province_code": "",
    "community": "",
    "community_code": "",
    "latitude": "65.2669",
    "longitude": "-14.3948"
  },
  {
    "country_code": "IS",
    "zipcode": "701",
    "place": "Egilsstöðum",
    "state": "",
    "state_code": "",
    "province": "",
    "province_code": "",
    "community": "",
    "community_code": "",
    "latitude": "65.2669",
    "longitude": "-14.3948"
  },
  {
    "country_code": "IS",
    "zipcode": "710",
    "place": "Seyðisfirði",
    "state": "",
    "state_code": "",
    "province": "",
    "province_code": "",
    "community": "",
    "community_code": "",
    "latitude": "65.2601",
    "longitude": "-14.0058"
  },
  {
    "country_code": "IS",
    "zipcode": "715",
    "place": "Mjóafirði",
    "state": "",
    "state_code": "",
    "province": "",
    "province_code": "",
    "community": "",
    "community_code": "",
    "latitude": "65.1885",
    "longitude": "-14.0326"
  },
  {
    "country_code": "IS",
    "zipcode": "720",
    "place": "Borgarfirði (eystri)",
    "state": "",
    "state_code": "",
    "province": "",
    "province_code": "",
    "community": "",
    "community_code": "",
    "latitude": "65.5255",
    "longitude": "-13.8038"
  },
  {
    "country_code": "IS",
    "zipcode": "730",
    "place": "Reyðarfirði",
    "state": "",
    "state_code": "",
    "province": "",
    "province_code": "",
    "community": "",
    "community_code": "",
    "latitude": "65.0316",
    "longitude": "-14.2183"
  },
  {
    "country_code": "IS",
    "zipcode": "735",
    "place": "Eskifirði",
    "state": "",
    "state_code": "",
    "province": "",
    "province_code": "",
    "community": "",
    "community_code": "",
    "latitude": "65.0731",
    "longitude": "-14.0152"
  },
  {
    "country_code": "IS",
    "zipcode": "740",
    "place": "Neskaupstað",
    "state": "",
    "state_code": "",
    "province": "",
    "province_code": "",
    "community": "",
    "community_code": "",
    "latitude": "65.1482",
    "longitude": "-13.6837"
  },
  {
    "country_code": "IS",
    "zipcode": "750",
    "place": "Fáskrúðsfirði",
    "state": "",
    "state_code": "",
    "province": "",
    "province_code": "",
    "community": "",
    "community_code": "",
    "latitude": "64.9313",
    "longitude": "-14.0189"
  },
  {
    "country_code": "IS",
    "zipcode": "755",
    "place": "Stöðvarfirði",
    "state": "",
    "state_code": "",
    "province": "",
    "province_code": "",
    "community": "",
    "community_code": "",
    "latitude": "64.833",
    "longitude": "-13.8749"
  },
  {
    "country_code": "IS",
    "zipcode": "760",
    "place": "Breiðdalsvík",
    "state": "",
    "state_code": "",
    "province": "",
    "province_code": "",
    "community": "",
    "community_code": "",
    "latitude": "64.7921",
    "longitude": "-14.0065"
  },
  {
    "country_code": "IS",
    "zipcode": "765",
    "place": "Djúpavogi",
    "state": "",
    "state_code": "",
    "province": "",
    "province_code": "",
    "community": "",
    "community_code": "",
    "latitude": "64.6571",
    "longitude": "-14.2852"
  },
  {
    "country_code": "IS",
    "zipcode": "780",
    "place": "Höfn í Hornafirði",
    "state": "",
    "state_code": "",
    "province": "",
    "province_code": "",
    "community": "",
    "community_code": "",
    "latitude": "64.2539",
    "longitude": "-15.2121"
  },
  {
    "country_code": "IS",
    "zipcode": "781",
    "place": "Höfn í Hornafirði",
    "state": "",
    "state_code": "",
    "province": "",
    "province_code": "",
    "community": "",
    "community_code": "",
    "latitude": "64.2539",
    "longitude": "-15.2121"
  },
  {
    "country_code": "IS",
    "zipcode": "785",
    "place": "Öræfum",
    "state": "",
    "state_code": "",
    "province": "",
    "province_code": "",
    "community": "",
    "community_code": "",
    "latitude": "63.8873",
    "longitude": "-16.6965"
  },
  {
    "country_code": "IS",
    "zipcode": "800",
    "place": "Selfossi",
    "state": "",
    "state_code": "",
    "province": "",
    "province_code": "",
    "community": "",
    "community_code": "",
    "latitude": "63.9331",
    "longitude": "-20.9971"
  },
  {
    "country_code": "IS",
    "zipcode": "801",
    "place": "Selfossi",
    "state": "",
    "state_code": "",
    "province": "",
    "province_code": "",
    "community": "",
    "community_code": "",
    "latitude": "63.9331",
    "longitude": "-20.9971"
  },
  {
    "country_code": "IS",
    "zipcode": "802",
    "place": "Selfossi",
    "state": "",
    "state_code": "",
    "province": "",
    "province_code": "",
    "community": "",
    "community_code": "",
    "latitude": "63.9369",
    "longitude": "-20.9949"
  },
  {
    "country_code": "IS",
    "zipcode": "810",
    "place": "Hveragerði",
    "state": "",
    "state_code": "",
    "province": "",
    "province_code": "",
    "community": "",
    "community_code": "",
    "latitude": "64.0004",
    "longitude": "-21.186"
  },
  {
    "country_code": "IS",
    "zipcode": "815",
    "place": "Þorlákshöfn",
    "state": "",
    "state_code": "",
    "province": "",
    "province_code": "",
    "community": "",
    "community_code": "",
    "latitude": "63.8559",
    "longitude": "-21.3834"
  },
  {
    "country_code": "IS",
    "zipcode": "820",
    "place": "Eyrarbakka",
    "state": "",
    "state_code": "",
    "province": "",
    "province_code": "",
    "community": "",
    "community_code": "",
    "latitude": "63.8632",
    "longitude": "-21.1491"
  },
  {
    "country_code": "IS",
    "zipcode": "825",
    "place": "Stokkseyri",
    "state": "",
    "state_code": "",
    "province": "",
    "province_code": "",
    "community": "",
    "community_code": "",
    "latitude": "63.8379",
    "longitude": "-21.0587"
  },
  {
    "country_code": "IS",
    "zipcode": "840",
    "place": "Laugarvatni",
    "state": "",
    "state_code": "",
    "province": "",
    "province_code": "",
    "community": "",
    "community_code": "",
    "latitude": "64.2176",
    "longitude": "-20.7339"
  },
  {
    "country_code": "IS",
    "zipcode": "845",
    "place": "Flúðum",
    "state": "",
    "state_code": "",
    "province": "",
    "province_code": "",
    "community": "",
    "community_code": "",
    "latitude": "64.1343",
    "longitude": "-20.3226"
  },
  {
    "country_code": "IS",
    "zipcode": "850",
    "place": "Hellu",
    "state": "",
    "state_code": "",
    "province": "",
    "province_code": "",
    "community": "",
    "community_code": "",
    "latitude": "63.8348",
    "longitude": "-20.4008"
  },
  {
    "country_code": "IS",
    "zipcode": "851",
    "place": "Hellu",
    "state": "",
    "state_code": "",
    "province": "",
    "province_code": "",
    "community": "",
    "community_code": "",
    "latitude": "63.8348",
    "longitude": "-20.4008"
  },
  {
    "country_code": "IS",
    "zipcode": "860",
    "place": "Hvolsvelli",
    "state": "",
    "state_code": "",
    "province": "",
    "province_code": "",
    "community": "",
    "community_code": "",
    "latitude": "63.7507",
    "longitude": "-20.2245"
  },
  {
    "country_code": "IS",
    "zipcode": "861",
    "place": "Hvolsvelli",
    "state": "",
    "state_code": "",
    "province": "",
    "province_code": "",
    "community": "",
    "community_code": "",
    "latitude": "63.7507",
    "longitude": "-20.2245"
  },
  {
    "country_code": "IS",
    "zipcode": "870",
    "place": "Vík",
    "state": "",
    "state_code": "",
    "province": "",
    "province_code": "",
    "community": "",
    "community_code": "",
    "latitude": "63.4194",
    "longitude": "-19.0097"
  },
  {
    "country_code": "IS",
    "zipcode": "871",
    "place": "Vík",
    "state": "",
    "state_code": "",
    "province": "",
    "province_code": "",
    "community": "",
    "community_code": "",
    "latitude": "63.4194",
    "longitude": "-19.0097"
  },
  {
    "country_code": "IS",
    "zipcode": "880",
    "place": "Kirkjubæjarklaustri",
    "state": "",
    "state_code": "",
    "province": "",
    "province_code": "",
    "community": "",
    "community_code": "",
    "latitude": "63.7893",
    "longitude": "-18.0527"
  },
  {
    "country_code": "IS",
    "zipcode": "900",
    "place": "Vestmannaeyjum",
    "state": "",
    "state_code": "",
    "province": "",
    "province_code": "",
    "community": "",
    "community_code": "",
    "latitude": "63.4427",
    "longitude": "-20.2734"
  },
  {
    "country_code": "IS",
    "zipcode": "902",
    "place": "Vestmannaeyjum",
    "state": "",
    "state_code": "",
    "province": "",
    "province_code": "",
    "community": "",
    "community_code": "",
    "latitude": "63.4406",
    "longitude": "-20.267"
  }
]
