[
  {
    "country_code": "MQ",
    "zipcode": "97200",
    "place": "Fort-de-France",
    "state": "Martinique",
    "state_code": "MQ",
    "province": "Martinique",
    "province_code": "972",
    "community": "Arrondissement de Fort-de-France",
    "community_code": "9721",
    "latitude": "14.6089",
    "longitude": "-61.0733"
  },
  {
    "country_code": "MQ",
    "zipcode": "97201 CEDEX",
    "place": "Fort-de-France",
    "state": "Martinique",
    "state_code": "MQ",
    "province": "Martinique",
    "province_code": "972",
    "community": "Arrondissement de Fort-de-France",
    "community_code": "9721",
    "latitude": "14.6089",
    "longitude": "-61.0733"
  },
  {
    "country_code": "MQ",
    "zipcode": "97202 CEDEX",
    "place": "Fort-de-France",
    "state": "Martinique",
    "state_code": "MQ",
    "province": "Martinique",
    "province_code": "972",
    "community": "Arrondissement de Fort-de-France",
    "community_code": "9721",
    "latitude": "14.6089",
    "longitude": "-61.0733"
  },
  {
    "country_code": "MQ",
    "zipcode": "97203 CEDEX",
    "place": "Fort-de-France",
    "state": "Martinique",
    "state_code": "MQ",
    "province": "Martinique",
    "province_code": "972",
    "community": "Arrondissement de Fort-de-France",
    "community_code": "9721",
    "latitude": "14.6089",
    "longitude": "-61.0733"
  },
  {
    "country_code": "MQ",
    "zipcode": "97204 CEDEX",
    "place": "Fort-de-France",
    "state": "Martinique",
    "state_code": "MQ",
    "province": "Martinique",
    "province_code": "972",
    "community": "Arrondissement de Fort-de-France",
    "community_code": "9721",
    "latitude": "14.6089",
    "longitude": "-61.0733"
  },
  {
    "country_code": "MQ",
    "zipcode": "97205 CEDEX",
    "place": "Fort-de-France",
    "state": "Martinique",
    "state_code": "MQ",
    "province": "Martinique",
    "province_code": "972",
    "community": "Arrondissement de Fort-de-France",
    "community_code": "9721",
    "latitude": "14.6089",
    "longitude": "-61.0733"
  },
  {
    "country_code": "MQ",
    "zipcode": "97206 CEDEX",
    "place": "Fort-de-France",
    "state": "Martinique",
    "state_code": "MQ",
    "province": "Martinique",
    "province_code": "972",
    "community": "Arrondissement de Fort-de-France",
    "community_code": "9721",
    "latitude": "14.6089",
    "longitude": "-61.0733"
  },
  {
    "country_code": "MQ",
    "zipcode": "97207 CEDEX",
    "place": "Fort-de-France",
    "state": "Martinique",
    "state_code": "MQ",
    "province": "Martinique",
    "province_code": "972",
    "community": "Arrondissement de Fort-de-France",
    "community_code": "9721",
    "latitude": "14.6089",
    "longitude": "-61.0733"
  },
  {
    "country_code": "MQ",
    "zipcode": "97208 CEDEX",
    "place": "Fort-de-France",
    "state": "Martinique",
    "state_code": "MQ",
    "province": "Martinique",
    "province_code": "972",
    "community": "Arrondissement de Fort-de-France",
    "community_code": "9721",
    "latitude": "14.6089",
    "longitude": "-61.0733"
  },
  {
    "country_code": "MQ",
    "zipcode": "97209 CEDEX",
    "place": "Fort-de-France",
    "state": "Martinique",
    "state_code": "MQ",
    "province": "Martinique",
    "province_code": "972",
    "community": "Arrondissement de Fort-de-France",
    "community_code": "9721",
    "latitude": "14.6089",
    "longitude": "-61.0733"
  },
  {
    "country_code": "MQ",
    "zipcode": "97210 CEDEX 2",
    "place": "Le Lamentin",
    "state": "Martinique",
    "state_code": "MQ",
    "province": "Martinique",
    "province_code": "972",
    "community": "Arrondissement de Fort-de-France",
    "community_code": "9721",
    "latitude": "14.608",
    "longitude": "-61.0093"
  },
  {
    "country_code": "MQ",
    "zipcode": "97211",
    "place": "Rivière-Pilote",
    "state": "Martinique",
    "state_code": "MQ",
    "province": "Martinique",
    "province_code": "972",
    "community": "Arrondissement du Marin",
    "community_code": "9723",
    "latitude": "14.4775",
    "longitude": "-60.9035"
  },
  {
    "country_code": "MQ",
    "zipcode": "97212",
    "place": "Saint-Joseph",
    "state": "Martinique",
    "state_code": "MQ",
    "province": "Martinique",
    "province_code": "972",
    "community": "Arrondissement de Fort-de-France",
    "community_code": "9721",
    "latitude": "14.671",
    "longitude": "-61.0391"
  },
  {
    "country_code": "MQ",
    "zipcode": "97213",
    "place": "Le Gros-Morne",
    "state": "Martinique",
    "state_code": "MQ",
    "province": "Martinique",
    "province_code": "972",
    "community": "Arrondissement de La Trinité",
    "community_code": "9722",
    "latitude": "14.7",
    "longitude": "-61"
  },
  {
    "country_code": "MQ",
    "zipcode": "97214",
    "place": "Le Lorrain",
    "state": "Martinique",
    "state_code": "MQ",
    "province": "Martinique",
    "province_code": "972",
    "community": "Arrondissement de La Trinité",
    "community_code": "9722",
    "latitude": "14.8329",
    "longitude": "-61.0567"
  },
  {
    "country_code": "MQ",
    "zipcode": "97215",
    "place": "Rivière-Salée",
    "state": "Martinique",
    "state_code": "MQ",
    "province": "Martinique",
    "province_code": "972",
    "community": "Arrondissement du Marin",
    "community_code": "9723",
    "latitude": "14.5272",
    "longitude": "-60.9781"
  },
  {
    "country_code": "MQ",
    "zipcode": "97216",
    "place": "L'Ajoupa-Bouillon",
    "state": "Martinique",
    "state_code": "MQ",
    "province": "Martinique",
    "province_code": "972",
    "community": "Arrondissement de La Trinité",
    "community_code": "9722",
    "latitude": "14.8167",
    "longitude": "-61.1167"
  },
  {
    "country_code": "MQ",
    "zipcode": "97217",
    "place": "Les Anses-d'Arlet",
    "state": "Martinique",
    "state_code": "MQ",
    "province": "Martinique",
    "province_code": "972",
    "community": "Arrondissement du Marin",
    "community_code": "9723",
    "latitude": "14.4833",
    "longitude": "-61.0833"
  },
  {
    "country_code": "MQ",
    "zipcode": "97218",
    "place": "Grand'Rivière",
    "state": "Martinique",
    "state_code": "MQ",
    "province": "Martinique",
    "province_code": "972",
    "community": "Arrondissement de La Trinité",
    "community_code": "9722",
    "latitude": "14.8735",
    "longitude": "-61.1795"
  },
  {
    "country_code": "MQ",
    "zipcode": "97218",
    "place": "Basse-Pointe",
    "state": "Martinique",
    "state_code": "MQ",
    "province": "Martinique",
    "province_code": "972",
    "community": "Arrondissement de La Trinité",
    "community_code": "9722",
    "latitude": "14.8695",
    "longitude": "-61.115"
  },
  {
    "country_code": "MQ",
    "zipcode": "97218",
    "place": "Macouba",
    "state": "Martinique",
    "state_code": "MQ",
    "province": "Martinique",
    "province_code": "972",
    "community": "Arrondissement de La Trinité",
    "community_code": "9722",
    "latitude": "14.8764",
    "longitude": "-61.142"
  },
  {
    "country_code": "MQ",
    "zipcode": "97219 CEDEX",
    "place": "Fort-de-France",
    "state": "Martinique",
    "state_code": "MQ",
    "province": "Martinique",
    "province_code": "972",
    "community": "Arrondissement de Fort-de-France",
    "community_code": "9721",
    "latitude": "14.6089",
    "longitude": "-61.0733"
  },
  {
    "country_code": "MQ",
    "zipcode": "97220",
    "place": "La Trinité",
    "state": "Martinique",
    "state_code": "MQ",
    "province": "Martinique",
    "province_code": "972",
    "community": "Arrondissement de La Trinité",
    "community_code": "9722",
    "latitude": "14.7376",
    "longitude": "-60.9629"
  },
  {
    "country_code": "MQ",
    "zipcode": "97221",
    "place": "Le Carbet",
    "state": "Martinique",
    "state_code": "MQ",
    "province": "Martinique",
    "province_code": "972",
    "community": "Arrondissement de Saint-Pierre",
    "community_code": "9724",
    "latitude": "14.7103",
    "longitude": "-61.1824"
  },
  {
    "country_code": "MQ",
    "zipcode": "97222",
    "place": "Case-Pilote",
    "state": "Martinique",
    "state_code": "MQ",
    "province": "Martinique",
    "province_code": "972",
    "community": "Arrondissement de Saint-Pierre",
    "community_code": "9724",
    "latitude": "14.6428",
    "longitude": "-61.1385"
  },
  {
    "country_code": "MQ",
    "zipcode": "97222",
    "place": "Bellefontaine",
    "state": "Martinique",
    "state_code": "MQ",
    "province": "Martinique",
    "province_code": "972",
    "community": "Arrondissement de Saint-Pierre",
    "community_code": "9724",
    "latitude": "14.6731",
    "longitude": "-61.164"
  },
  {
    "country_code": "MQ",
    "zipcode": "97223",
    "place": "Le Diamant",
    "state": "Martinique",
    "state_code": "MQ",
    "province": "Martinique",
    "province_code": "972",
    "community": "Arrondissement du Marin",
    "community_code": "9723",
    "latitude": "14.4795",
    "longitude": "-61.027"
  },
  {
    "country_code": "MQ",
    "zipcode": "97224",
    "place": "Ducos",
    "state": "Martinique",
    "state_code": "MQ",
    "province": "Martinique",
    "province_code": "972",
    "community": "Arrondissement du Marin",
    "community_code": "9723",
    "latitude": "14.5753",
    "longitude": "-60.9745"
  },
  {
    "country_code": "MQ",
    "zipcode": "97225",
    "place": "Le Marigot",
    "state": "Martinique",
    "state_code": "MQ",
    "province": "Martinique",
    "province_code": "972",
    "community": "Arrondissement de La Trinité",
    "community_code": "9722",
    "latitude": "14.8225",
    "longitude": "-61.0313"
  },
  {
    "country_code": "MQ",
    "zipcode": "97226",
    "place": "Le Morne-Vert",
    "state": "Martinique",
    "state_code": "MQ",
    "province": "Martinique",
    "province_code": "972",
    "community": "Arrondissement de Saint-Pierre",
    "community_code": "9724",
    "latitude": "14.707",
    "longitude": "-61.1462"
  },
  {
    "country_code": "MQ",
    "zipcode": "97227",
    "place": "Sainte-Anne",
    "state": "Martinique",
    "state_code": "MQ",
    "province": "Martinique",
    "province_code": "972",
    "community": "Arrondissement du Marin",
    "community_code": "9723",
    "latitude": "14.4331",
    "longitude": "-60.8811"
  },
  {
    "country_code": "MQ",
    "zipcode": "97228",
    "place": "Sainte-Luce",
    "state": "Martinique",
    "state_code": "MQ",
    "province": "Martinique",
    "province_code": "972",
    "community": "Arrondissement du Marin",
    "community_code": "9723",
    "latitude": "14.4673",
    "longitude": "-60.9271"
  },
  {
    "country_code": "MQ",
    "zipcode": "97229",
    "place": "Les Trois-Îlets",
    "state": "Martinique",
    "state_code": "MQ",
    "province": "Martinique",
    "province_code": "972",
    "community": "Arrondissement du Marin",
    "community_code": "9723",
    "latitude": "14.539",
    "longitude": "-61.0361"
  },
  {
    "country_code": "MQ",
    "zipcode": "97230",
    "place": "Sainte-Marie",
    "state": "Martinique",
    "state_code": "MQ",
    "province": "Martinique",
    "province_code": "972",
    "community": "Arrondissement de La Trinité",
    "community_code": "9722",
    "latitude": "14.7839",
    "longitude": "-60.9927"
  },
  {
    "country_code": "MQ",
    "zipcode": "97231",
    "place": "Le Robert",
    "state": "Martinique",
    "state_code": "MQ",
    "province": "Martinique",
    "province_code": "972",
    "community": "Arrondissement de La Trinité",
    "community_code": "9722",
    "latitude": "14.6775",
    "longitude": "-60.9423"
  },
  {
    "country_code": "MQ",
    "zipcode": "97232",
    "place": "Le Lamentin",
    "state": "Martinique",
    "state_code": "MQ",
    "province": "Martinique",
    "province_code": "972",
    "community": "Arrondissement de Fort-de-France",
    "community_code": "9721",
    "latitude": "14.608",
    "longitude": "-61.0093"
  },
  {
    "country_code": "MQ",
    "zipcode": "97233",
    "place": "Schoelcher",
    "state": "Martinique",
    "state_code": "MQ",
    "province": "Martinique",
    "province_code": "972",
    "community": "Arrondissement de Fort-de-France",
    "community_code": "9721",
    "latitude": "14.6177",
    "longitude": "-61.099"
  },
  {
    "country_code": "MQ",
    "zipcode": "97234",
    "place": "Fort-de-France",
    "state": "Martinique",
    "state_code": "MQ",
    "province": "Martinique",
    "province_code": "972",
    "community": "Arrondissement de Fort-de-France",
    "community_code": "9721",
    "latitude": "14.6089",
    "longitude": "-61.0733"
  },
  {
    "country_code": "MQ",
    "zipcode": "97240",
    "place": "Le François",
    "state": "Martinique",
    "state_code": "MQ",
    "province": "Martinique",
    "province_code": "972",
    "community": "Arrondissement du Marin",
    "community_code": "9723",
    "latitude": "14.6156",
    "longitude": "-60.9031"
  },
  {
    "country_code": "MQ",
    "zipcode": "97241 CEDEX",
    "place": "Fort-de-France",
    "state": "Martinique",
    "state_code": "MQ",
    "province": "Martinique",
    "province_code": "972",
    "community": "Arrondissement de Fort-de-France",
    "community_code": "9721",
    "latitude": "14.6089",
    "longitude": "-61.0733"
  },
  {
    "country_code": "MQ",
    "zipcode": "97242 CEDEX",
    "place": "Fort-de-France",
    "state": "Martinique",
    "state_code": "MQ",
    "province": "Martinique",
    "province_code": "972",
    "community": "Arrondissement de Fort-de-France",
    "community_code": "9721",
    "latitude": "14.6089",
    "longitude": "-61.0733"
  },
  {
    "country_code": "MQ",
    "zipcode": "97243 CEDEX",
    "place": "Fort-de-France",
    "state": "Martinique",
    "state_code": "MQ",
    "province": "Martinique",
    "province_code": "972",
    "community": "Arrondissement de Fort-de-France",
    "community_code": "9721",
    "latitude": "14.6089",
    "longitude": "-61.0733"
  },
  {
    "country_code": "MQ",
    "zipcode": "97244 CEDEX",
    "place": "Fort-de-France",
    "state": "Martinique",
    "state_code": "MQ",
    "province": "Martinique",
    "province_code": "972",
    "community": "Arrondissement de Fort-de-France",
    "community_code": "9721",
    "latitude": "14.6089",
    "longitude": "-61.0733"
  },
  {
    "country_code": "MQ",
    "zipcode": "97245 CEDEX",
    "place": "Fort-de-France",
    "state": "Martinique",
    "state_code": "MQ",
    "province": "Martinique",
    "province_code": "972",
    "community": "Arrondissement de Fort-de-France",
    "community_code": "9721",
    "latitude": "14.6089",
    "longitude": "-61.0733"
  },
  {
    "country_code": "MQ",
    "zipcode": "97246 CEDEX",
    "place": "Fort-de-France",
    "state": "Martinique",
    "state_code": "MQ",
    "province": "Martinique",
    "province_code": "972",
    "community": "Arrondissement de Fort-de-France",
    "community_code": "9721",
    "latitude": "14.6089",
    "longitude": "-61.0733"
  },
  {
    "country_code": "MQ",
    "zipcode": "97247 CEDEX",
    "place": "Fort-de-France",
    "state": "Martinique",
    "state_code": "MQ",
    "province": "Martinique",
    "province_code": "972",
    "community": "Arrondissement de Fort-de-France",
    "community_code": "9721",
    "latitude": "14.6089",
    "longitude": "-61.0733"
  },
  {
    "country_code": "MQ",
    "zipcode": "97248 CEDEX",
    "place": "Fort-de-France",
    "state": "Martinique",
    "state_code": "MQ",
    "province": "Martinique",
    "province_code": "972",
    "community": "Arrondissement de Fort-de-France",
    "community_code": "9721",
    "latitude": "14.6089",
    "longitude": "-61.0733"
  },
  {
    "country_code": "MQ",
    "zipcode": "97249 CEDEX",
    "place": "Fort-de-France",
    "state": "Martinique",
    "state_code": "MQ",
    "province": "Martinique",
    "province_code": "972",
    "community": "Arrondissement de Fort-de-France",
    "community_code": "9721",
    "latitude": "14.6089",
    "longitude": "-61.0733"
  },
  {
    "country_code": "MQ",
    "zipcode": "97250",
    "place": "Fonds-Saint-Denis",
    "state": "Martinique",
    "state_code": "MQ",
    "province": "Martinique",
    "province_code": "972",
    "community": "Arrondissement de Saint-Pierre",
    "community_code": "9724",
    "latitude": "14.7333",
    "longitude": "-61.1333"
  },
  {
    "country_code": "MQ",
    "zipcode": "97250",
    "place": "Saint-Pierre",
    "state": "Martinique",
    "state_code": "MQ",
    "province": "Martinique",
    "province_code": "972",
    "community": "Arrondissement de Saint-Pierre",
    "community_code": "9724",
    "latitude": "14.7438",
    "longitude": "-61.1753"
  },
  {
    "country_code": "MQ",
    "zipcode": "97250",
    "place": "Le Prêcheur",
    "state": "Martinique",
    "state_code": "MQ",
    "province": "Martinique",
    "province_code": "972",
    "community": "Arrondissement de Saint-Pierre",
    "community_code": "9724",
    "latitude": "14.8017",
    "longitude": "-61.2247"
  },
  {
    "country_code": "MQ",
    "zipcode": "97251 CEDEX",
    "place": "Fort-de-France",
    "state": "Martinique",
    "state_code": "MQ",
    "province": "Martinique",
    "province_code": "972",
    "community": "Arrondissement de Fort-de-France",
    "community_code": "9721",
    "latitude": "14.6089",
    "longitude": "-61.0733"
  },
  {
    "country_code": "MQ",
    "zipcode": "97252 CEDEX",
    "place": "Fort-de-France",
    "state": "Martinique",
    "state_code": "MQ",
    "province": "Martinique",
    "province_code": "972",
    "community": "Arrondissement de Fort-de-France",
    "community_code": "9721",
    "latitude": "14.6089",
    "longitude": "-61.0733"
  },
  {
    "country_code": "MQ",
    "zipcode": "97253 CEDEX",
    "place": "Fort-de-France",
    "state": "Martinique",
    "state_code": "MQ",
    "province": "Martinique",
    "province_code": "972",
    "community": "Arrondissement de Fort-de-France",
    "community_code": "9721",
    "latitude": "14.6089",
    "longitude": "-61.0733"
  },
  {
    "country_code": "MQ",
    "zipcode": "97254 CEDEX",
    "place": "Fort-de-France",
    "state": "Martinique",
    "state_code": "MQ",
    "province": "Martinique",
    "province_code": "972",
    "community": "Arrondissement de Fort-de-France",
    "community_code": "9721",
    "latitude": "14.6089",
    "longitude": "-61.0733"
  },
  {
    "country_code": "MQ",
    "zipcode": "97255 CEDEX",
    "place": "Fort-de-France",
    "state": "Martinique",
    "state_code": "MQ",
    "province": "Martinique",
    "province_code": "972",
    "community": "Arrondissement de Fort-de-France",
    "community_code": "9721",
    "latitude": "14.6089",
    "longitude": "-61.0733"
  },
  {
    "country_code": "MQ",
    "zipcode": "97256 CEDEX",
    "place": "Fort-de-France",
    "state": "Martinique",
    "state_code": "MQ",
    "province": "Martinique",
    "province_code": "972",
    "community": "Arrondissement de Fort-de-France",
    "community_code": "9721",
    "latitude": "14.6089",
    "longitude": "-61.0733"
  },
  {
    "country_code": "MQ",
    "zipcode": "97257 CEDEX",
    "place": "Fort-de-France",
    "state": "Martinique",
    "state_code": "MQ",
    "province": "Martinique",
    "province_code": "972",
    "community": "Arrondissement de Fort-de-France",
    "community_code": "9721",
    "latitude": "14.6089",
    "longitude": "-61.0733"
  },
  {
    "country_code": "MQ",
    "zipcode": "97258 CEDEX",
    "place": "Fort-de-France",
    "state": "Martinique",
    "state_code": "MQ",
    "province": "Martinique",
    "province_code": "972",
    "community": "Arrondissement de Fort-de-France",
    "community_code": "9721",
    "latitude": "14.6089",
    "longitude": "-61.0733"
  },
  {
    "country_code": "MQ",
    "zipcode": "97259 CEDEX",
    "place": "Fort-de-France",
    "state": "Martinique",
    "state_code": "MQ",
    "province": "Martinique",
    "province_code": "972",
    "community": "Arrondissement de Fort-de-France",
    "community_code": "9721",
    "latitude": "14.6089",
    "longitude": "-61.0733"
  },
  {
    "country_code": "MQ",
    "zipcode": "97260",
    "place": "Le Morne-Rouge",
    "state": "Martinique",
    "state_code": "MQ",
    "province": "Martinique",
    "province_code": "972",
    "community": "Arrondissement de Saint-Pierre",
    "community_code": "9724",
    "latitude": "14.7667",
    "longitude": "-61.1333"
  },
  {
    "country_code": "MQ",
    "zipcode": "97261 CEDEX",
    "place": "Fort-de-France",
    "state": "Martinique",
    "state_code": "MQ",
    "province": "Martinique",
    "province_code": "972",
    "community": "Arrondissement de Fort-de-France",
    "community_code": "9721",
    "latitude": "14.6089",
    "longitude": "-61.0733"
  },
  {
    "country_code": "MQ",
    "zipcode": "97262 CEDEX",
    "place": "Fort-de-France",
    "state": "Martinique",
    "state_code": "MQ",
    "province": "Martinique",
    "province_code": "972",
    "community": "Arrondissement de Fort-de-France",
    "community_code": "9721",
    "latitude": "14.6089",
    "longitude": "-61.0733"
  },
  {
    "country_code": "MQ",
    "zipcode": "97263 CEDEX",
    "place": "Fort-de-France",
    "state": "Martinique",
    "state_code": "MQ",
    "province": "Martinique",
    "province_code": "972",
    "community": "Arrondissement de Fort-de-France",
    "community_code": "9721",
    "latitude": "14.6089",
    "longitude": "-61.0733"
  },
  {
    "country_code": "MQ",
    "zipcode": "97264 CEDEX",
    "place": "Fort-de-France",
    "state": "Martinique",
    "state_code": "MQ",
    "province": "Martinique",
    "province_code": "972",
    "community": "Arrondissement de Fort-de-France",
    "community_code": "9721",
    "latitude": "14.6089",
    "longitude": "-61.0733"
  },
  {
    "country_code": "MQ",
    "zipcode": "97265 CEDEX",
    "place": "Fort-de-France",
    "state": "Martinique",
    "state_code": "MQ",
    "province": "Martinique",
    "province_code": "972",
    "community": "Arrondissement de Fort-de-France",
    "community_code": "9721",
    "latitude": "14.6089",
    "longitude": "-61.0733"
  },
  {
    "country_code": "MQ",
    "zipcode": "97266 CEDEX",
    "place": "Fort-de-France",
    "state": "Martinique",
    "state_code": "MQ",
    "province": "Martinique",
    "province_code": "972",
    "community": "Arrondissement de Fort-de-France",
    "community_code": "9721",
    "latitude": "14.6089",
    "longitude": "-61.0733"
  },
  {
    "country_code": "MQ",
    "zipcode": "97267 CEDEX",
    "place": "Fort-de-France",
    "state": "Martinique",
    "state_code": "MQ",
    "province": "Martinique",
    "province_code": "972",
    "community": "Arrondissement de Fort-de-France",
    "community_code": "9721",
    "latitude": "14.6089",
    "longitude": "-61.0733"
  },
  {
    "country_code": "MQ",
    "zipcode": "97268 CEDEX",
    "place": "Fort-de-France",
    "state": "Martinique",
    "state_code": "MQ",
    "province": "Martinique",
    "province_code": "972",
    "community": "Arrondissement de Fort-de-France",
    "community_code": "9721",
    "latitude": "14.6089",
    "longitude": "-61.0733"
  },
  {
    "country_code": "MQ",
    "zipcode": "97269 CEDEX",
    "place": "Fort-de-France",
    "state": "Martinique",
    "state_code": "MQ",
    "province": "Martinique",
    "province_code": "972",
    "community": "Arrondissement de Fort-de-France",
    "community_code": "9721",
    "latitude": "14.6089",
    "longitude": "-61.0733"
  },
  {
    "country_code": "MQ",
    "zipcode": "97270",
    "place": "Saint-Esprit",
    "state": "Martinique",
    "state_code": "MQ",
    "province": "Martinique",
    "province_code": "972",
    "community": "Arrondissement du Marin",
    "community_code": "9723",
    "latitude": "14.55",
    "longitude": "-60.9333"
  },
  {
    "country_code": "MQ",
    "zipcode": "97271 CEDEX",
    "place": "Schoelcher",
    "state": "Martinique",
    "state_code": "MQ",
    "province": "Martinique",
    "province_code": "972",
    "community": "Arrondissement de Fort-de-France",
    "community_code": "9721",
    "latitude": "14.6177",
    "longitude": "-61.099"
  },
  {
    "country_code": "MQ",
    "zipcode": "97272 CEDEX",
    "place": "Schoelcher",
    "state": "Martinique",
    "state_code": "MQ",
    "province": "Martinique",
    "province_code": "972",
    "community": "Arrondissement de Fort-de-France",
    "community_code": "9721",
    "latitude": "14.6177",
    "longitude": "-61.099"
  },
  {
    "country_code": "MQ",
    "zipcode": "97273 CEDEX",
    "place": "Schoelcher",
    "state": "Martinique",
    "state_code": "MQ",
    "province": "Martinique",
    "province_code": "972",
    "community": "Arrondissement de Fort-de-France",
    "community_code": "9721",
    "latitude": "14.6177",
    "longitude": "-61.099"
  },
  {
    "country_code": "MQ",
    "zipcode": "97274 CEDEX",
    "place": "Schoelcher",
    "state": "Martinique",
    "state_code": "MQ",
    "province": "Martinique",
    "province_code": "972",
    "community": "Arrondissement de Fort-de-France",
    "community_code": "9721",
    "latitude": "14.6177",
    "longitude": "-61.099"
  },
  {
    "country_code": "MQ",
    "zipcode": "97275 CEDEX",
    "place": "Schoelcher",
    "state": "Martinique",
    "state_code": "MQ",
    "province": "Martinique",
    "province_code": "972",
    "community": "Arrondissement de Fort-de-France",
    "community_code": "9721",
    "latitude": "14.6177",
    "longitude": "-61.099"
  },
  {
    "country_code": "MQ",
    "zipcode": "97276 CEDEX",
    "place": "Schoelcher",
    "state": "Martinique",
    "state_code": "MQ",
    "province": "Martinique",
    "province_code": "972",
    "community": "Arrondissement de Fort-de-France",
    "community_code": "9721",
    "latitude": "14.6177",
    "longitude": "-61.099"
  },
  {
    "country_code": "MQ",
    "zipcode": "97277 CEDEX",
    "place": "Schoelcher",
    "state": "Martinique",
    "state_code": "MQ",
    "province": "Martinique",
    "province_code": "972",
    "community": "Arrondissement de Fort-de-France",
    "community_code": "9721",
    "latitude": "14.6177",
    "longitude": "-61.099"
  },
  {
    "country_code": "MQ",
    "zipcode": "97278 CEDEX",
    "place": "Schoelcher",
    "state": "Martinique",
    "state_code": "MQ",
    "province": "Martinique",
    "province_code": "972",
    "community": "Arrondissement de Fort-de-France",
    "community_code": "9721",
    "latitude": "14.6177",
    "longitude": "-61.099"
  },
  {
    "country_code": "MQ",
    "zipcode": "97279 CEDEX",
    "place": "Schoelcher",
    "state": "Martinique",
    "state_code": "MQ",
    "province": "Martinique",
    "province_code": "972",
    "community": "Arrondissement de Fort-de-France",
    "community_code": "9721",
    "latitude": "14.6177",
    "longitude": "-61.099"
  },
  {
    "country_code": "MQ",
    "zipcode": "97280",
    "place": "Le Vauclin",
    "state": "Martinique",
    "state_code": "MQ",
    "province": "Martinique",
    "province_code": "972",
    "community": "Arrondissement du Marin",
    "community_code": "9723",
    "latitude": "14.5452",
    "longitude": "-60.8388"
  },
  {
    "country_code": "MQ",
    "zipcode": "97281 CEDEX 1",
    "place": "Le Lamentin",
    "state": "Martinique",
    "state_code": "MQ",
    "province": "Martinique",
    "province_code": "972",
    "community": "Arrondissement de Fort-de-France",
    "community_code": "9721",
    "latitude": "14.608",
    "longitude": "-61.0093"
  },
  {
    "country_code": "MQ",
    "zipcode": "97282 CEDEX 1",
    "place": "Le Lamentin",
    "state": "Martinique",
    "state_code": "MQ",
    "province": "Martinique",
    "province_code": "972",
    "community": "Arrondissement de Fort-de-France",
    "community_code": "9721",
    "latitude": "14.608",
    "longitude": "-61.0093"
  },
  {
    "country_code": "MQ",
    "zipcode": "97283 CEDEX 1",
    "place": "Le Lamentin",
    "state": "Martinique",
    "state_code": "MQ",
    "province": "Martinique",
    "province_code": "972",
    "community": "Arrondissement de Fort-de-France",
    "community_code": "9721",
    "latitude": "14.608",
    "longitude": "-61.0093"
  },
  {
    "country_code": "MQ",
    "zipcode": "97284 CEDEX 2",
    "place": "Le Lamentin",
    "state": "Martinique",
    "state_code": "MQ",
    "province": "Martinique",
    "province_code": "972",
    "community": "Arrondissement de Fort-de-France",
    "community_code": "9721",
    "latitude": "14.608",
    "longitude": "-61.0093"
  },
  {
    "country_code": "MQ",
    "zipcode": "97285 CEDEX 2",
    "place": "Le Lamentin",
    "state": "Martinique",
    "state_code": "MQ",
    "province": "Martinique",
    "province_code": "972",
    "community": "Arrondissement de Fort-de-France",
    "community_code": "9721",
    "latitude": "14.608",
    "longitude": "-61.0093"
  },
  {
    "country_code": "MQ",
    "zipcode": "97286 CEDEX 2",
    "place": "Le Lamentin",
    "state": "Martinique",
    "state_code": "MQ",
    "province": "Martinique",
    "province_code": "972",
    "community": "Arrondissement de Fort-de-France",
    "community_code": "9721",
    "latitude": "14.608",
    "longitude": "-61.0093"
  },
  {
    "country_code": "MQ",
    "zipcode": "97287 CEDEX 2",
    "place": "Le Lamentin",
    "state": "Martinique",
    "state_code": "MQ",
    "province": "Martinique",
    "province_code": "972",
    "community": "Arrondissement de Fort-de-France",
    "community_code": "9721",
    "latitude": "14.608",
    "longitude": "-61.0093"
  },
  {
    "country_code": "MQ",
    "zipcode": "97288 CEDEX 2",
    "place": "Le Lamentin",
    "state": "Martinique",
    "state_code": "MQ",
    "province": "Martinique",
    "province_code": "972",
    "community": "Arrondissement de Fort-de-France",
    "community_code": "9721",
    "latitude": "14.608",
    "longitude": "-61.0093"
  },
  {
    "country_code": "MQ",
    "zipcode": "97289 CEDEX 2",
    "place": "Le Lamentin",
    "state": "Martinique",
    "state_code": "MQ",
    "province": "Martinique",
    "province_code": "972",
    "community": "Arrondissement de Fort-de-France",
    "community_code": "9721",
    "latitude": "14.608",
    "longitude": "-61.0093"
  },
  {
    "country_code": "MQ",
    "zipcode": "97290",
    "place": "Le Marin",
    "state": "Martinique",
    "state_code": "MQ",
    "province": "Martinique",
    "province_code": "972",
    "community": "Arrondissement du Marin",
    "community_code": "9723",
    "latitude": "14.4721",
    "longitude": "-60.8697"
  },
  {
    "country_code": "MQ",
    "zipcode": "97291 CEDEX 2",
    "place": "Le Lamentin",
    "state": "Martinique",
    "state_code": "MQ",
    "province": "Martinique",
    "province_code": "972",
    "community": "Arrondissement de Fort-de-France",
    "community_code": "9721",
    "latitude": "14.608",
    "longitude": "-61.0093"
  },
  {
    "country_code": "MQ",
    "zipcode": "97292 CEDEX 2",
    "place": "Le Lamentin",
    "state": "Martinique",
    "state_code": "MQ",
    "province": "Martinique",
    "province_code": "972",
    "community": "Arrondissement de Fort-de-France",
    "community_code": "9721",
    "latitude": "14.608",
    "longitude": "-61.0093"
  },
  {
    "country_code": "MQ",
    "zipcode": "97293 CEDEX 2",
    "place": "Le Lamentin",
    "state": "Martinique",
    "state_code": "MQ",
    "province": "Martinique",
    "province_code": "972",
    "community": "Arrondissement de Fort-de-France",
    "community_code": "9721",
    "latitude": "14.608",
    "longitude": "-61.0093"
  },
  {
    "country_code": "MQ",
    "zipcode": "97294 CEDEX 2",
    "place": "Le Lamentin",
    "state": "Martinique",
    "state_code": "MQ",
    "province": "Martinique",
    "province_code": "972",
    "community": "Arrondissement de Fort-de-France",
    "community_code": "9721",
    "latitude": "14.608",
    "longitude": "-61.0093"
  },
  {
    "country_code": "MQ",
    "zipcode": "97295 CEDEX 2",
    "place": "Le Lamentin",
    "state": "Martinique",
    "state_code": "MQ",
    "province": "Martinique",
    "province_code": "972",
    "community": "Arrondissement de Fort-de-France",
    "community_code": "9721",
    "latitude": "14.608",
    "longitude": "-61.0093"
  },
  {
    "country_code": "MQ",
    "zipcode": "97296 CEDEX 2",
    "place": "Le Lamentin",
    "state": "Martinique",
    "state_code": "MQ",
    "province": "Martinique",
    "province_code": "972",
    "community": "Arrondissement de Fort-de-France",
    "community_code": "9721",
    "latitude": "14.608",
    "longitude": "-61.0093"
  },
  {
    "country_code": "MQ",
    "zipcode": "97297 CEDEX 2",
    "place": "Le Lamentin",
    "state": "Martinique",
    "state_code": "MQ",
    "province": "Martinique",
    "province_code": "972",
    "community": "Arrondissement de Fort-de-France",
    "community_code": "9721",
    "latitude": "14.608",
    "longitude": "-61.0093"
  },
  {
    "country_code": "MQ",
    "zipcode": "97298 CEDEX 2",
    "place": "Le Lamentin",
    "state": "Martinique",
    "state_code": "MQ",
    "province": "Martinique",
    "province_code": "972",
    "community": "Arrondissement de Fort-de-France",
    "community_code": "9721",
    "latitude": "14.608",
    "longitude": "-61.0093"
  },
  {
    "country_code": "MQ",
    "zipcode": "97299 CEDEX",
    "place": "Fort-de-France",
    "state": "Martinique",
    "state_code": "MQ",
    "province": "Martinique",
    "province_code": "972",
    "community": "Arrondissement de Fort-de-France",
    "community_code": "9721",
    "latitude": "14.6089",
    "longitude": "-61.0733"
  }
]
