[
  {
    "country_code": "VI",
    "zipcode": "00820",
    "place": "Christiansted",
    "state": "Vi",
    "state_code": "78",
    "province": "St. Croix",
    "province_code": "010",
    "community": "",
    "community_code": "",
    "latitude": "17.7342",
    "longitude": "-64.7347"
  },
  {
    "country_code": "VI",
    "zipcode": "00821",
    "place": "Christiansted",
    "state": "Vi",
    "state_code": "78",
    "province": "St. Croix",
    "province_code": "010",
    "community": "",
    "community_code": "",
    "latitude": "17.7342",
    "longitude": "-64.7347"
  },
  {
    "country_code": "VI",
    "zipcode": "00822",
    "place": "Christiansted",
    "state": "Vi",
    "state_code": "78",
    "province": "St. Croix",
    "province_code": "010",
    "community": "",
    "community_code": "",
    "latitude": "17.7342",
    "longitude": "-64.7347"
  },
  {
    "country_code": "VI",
    "zipcode": "00823",
    "place": "Christiansted",
    "state": "Vi",
    "state_code": "78",
    "province": "St. Croix",
    "province_code": "010",
    "community": "",
    "community_code": "",
    "latitude": "17.7237",
    "longitude": "-64.7445"
  },
  {
    "country_code": "VI",
    "zipcode": "00824",
    "place": "Christiansted",
    "state": "Vi",
    "state_code": "78",
    "province": "St. Croix",
    "province_code": "010",
    "community": "",
    "community_code": "",
    "latitude": "17.7446",
    "longitude": "-64.6825"
  },
  {
    "country_code": "VI",
    "zipcode": "00840",
    "place": "Frederiksted",
    "state": "Vi",
    "state_code": "78",
    "province": "St. Croix",
    "province_code": "010",
    "community": "",
    "community_code": "",
    "latitude": "17.7226",
    "longitude": "-64.8729"
  },
  {
    "country_code": "VI",
    "zipcode": "00841",
    "place": "Frederiksted",
    "state": "Vi",
    "state_code": "78",
    "province": "St. Croix",
    "province_code": "010",
    "community": "",
    "community_code": "",
    "latitude": "17.7648",
    "longitude": "-64.8096"
  },
  {
    "country_code": "VI",
    "zipcode": "00850",
    "place": "Kingshill",
    "state": "Vi",
    "state_code": "78",
    "province": "St. Croix",
    "province_code": "010",
    "community": "",
    "community_code": "",
    "latitude": "17.7208",
    "longitude": "-64.8002"
  },
  {
    "country_code": "VI",
    "zipcode": "00851",
    "place": "Kingshill",
    "state": "Vi",
    "state_code": "78",
    "province": "St. Croix",
    "province_code": "010",
    "community": "",
    "community_code": "",
    "latitude": "17.7099",
    "longitude": "-64.7009"
  },
  {
    "country_code": "VI",
    "zipcode": "00830",
    "place": "St John",
    "state": "Vi",
    "state_code": "78",
    "province": "St. John",
    "province_code": "020",
    "community": "",
    "community_code": "",
    "latitude": "18.3282",
    "longitude": "-64.7407"
  },
  {
    "country_code": "VI",
    "zipcode": "00831",
    "place": "St John",
    "state": "Vi",
    "state_code": "78",
    "province": "St. John",
    "province_code": "020",
    "community": "",
    "community_code": "",
    "latitude": "18.3273",
    "longitude": "-64.7864"
  },
  {
    "country_code": "VI",
    "zipcode": "00801",
    "place": "St Thomas",
    "state": "Vi",
    "state_code": "78",
    "province": "St. Thomas",
    "province_code": "030",
    "community": "",
    "community_code": "",
    "latitude": "18.3484",
    "longitude": "-64.974"
  },
  {
    "country_code": "VI",
    "zipcode": "00802",
    "place": "St Thomas",
    "state": "Vi",
    "state_code": "78",
    "province": "St. Thomas",
    "province_code": "030",
    "community": "",
    "community_code": "",
    "latitude": "18.3387",
    "longitude": "-64.916"
  },
  {
    "country_code": "VI",
    "zipcode": "00803",
    "place": "St Thomas",
    "state": "Vi",
    "state_code": "78",
    "province": "St. Thomas",
    "province_code": "030",
    "community": "",
    "community_code": "",
    "latitude": "18.3223",
    "longitude": "-64.9637"
  },
  {
    "country_code": "VI",
    "zipcode": "00804",
    "place": "St Thomas",
    "state": "Vi",
    "state_code": "78",
    "province": "St. Thomas",
    "province_code": "030",
    "community": "",
    "community_code": "",
    "latitude": "18.3223",
    "longitude": "-64.9637"
  },
  {
    "country_code": "VI",
    "zipcode": "00805",
    "place": "St Thomas",
    "state": "Vi",
    "state_code": "78",
    "province": "St. Thomas",
    "province_code": "030",
    "community": "",
    "community_code": "",
    "latitude": "18.3223",
    "longitude": "-64.9637"
  }
]
