[
  {
    "country_code": "FO",
    "zipcode": "100",
    "place": "Tórshavn",
    "state": "",
    "state_code": "",
    "province": "",
    "province_code": "",
    "community": "",
    "community_code": "",
    "latitude": "62.0167",
    "longitude": "-6.7667"
  },
  {
    "country_code": "FO",
    "zipcode": "110",
    "place": "Tórshavn",
    "state": "",
    "state_code": "",
    "province": "",
    "province_code": "",
    "community": "",
    "community_code": "",
    "latitude": "62.0167",
    "longitude": "-6.7667"
  },
  {
    "country_code": "FO",
    "zipcode": "160",
    "place": "Argir",
    "state": "",
    "state_code": "",
    "province": "",
    "province_code": "",
    "community": "",
    "community_code": "",
    "latitude": "61.9833",
    "longitude": "-6.75"
  },
  {
    "country_code": "FO",
    "zipcode": "165",
    "place": "Argir",
    "state": "",
    "state_code": "",
    "province": "",
    "province_code": "",
    "community": "",
    "community_code": "",
    "latitude": "61.9833",
    "longitude": "-6.75"
  },
  {
    "country_code": "FO",
    "zipcode": "175",
    "place": "Kirkjubøur",
    "state": "",
    "state_code": "",
    "province": "",
    "province_code": "",
    "community": "",
    "community_code": "",
    "latitude": "61.95",
    "longitude": "-6.7833"
  },
  {
    "country_code": "FO",
    "zipcode": "176",
    "place": "Velbastadur",
    "state": "",
    "state_code": "",
    "province": "",
    "province_code": "",
    "community": "",
    "community_code": "",
    "latitude": "61.9833",
    "longitude": "-6.8333"
  },
  {
    "country_code": "FO",
    "zipcode": "177",
    "place": "Sydradalur, Streymoy",
    "state": "",
    "state_code": "",
    "province": "",
    "province_code": "",
    "community": "",
    "community_code": "",
    "latitude": "62.0167",
    "longitude": "-6.9"
  },
  {
    "country_code": "FO",
    "zipcode": "178",
    "place": "Nordradalur",
    "state": "",
    "state_code": "",
    "province": "",
    "province_code": "",
    "community": "",
    "community_code": "",
    "latitude": "62.0333",
    "longitude": "-6.9167"
  },
  {
    "country_code": "FO",
    "zipcode": "180",
    "place": "Kaldbak",
    "state": "",
    "state_code": "",
    "province": "",
    "province_code": "",
    "community": "",
    "community_code": "",
    "latitude": "62.05",
    "longitude": "-6.8167"
  },
  {
    "country_code": "FO",
    "zipcode": "185",
    "place": "Kaldbaksbotnur",
    "state": "",
    "state_code": "",
    "province": "",
    "province_code": "",
    "community": "",
    "community_code": "",
    "latitude": "62.046",
    "longitude": "-6.7995"
  },
  {
    "country_code": "FO",
    "zipcode": "186",
    "place": "Sund",
    "state": "",
    "state_code": "",
    "province": "",
    "province_code": "",
    "community": "",
    "community_code": "",
    "latitude": "62.05",
    "longitude": "-6.8333"
  },
  {
    "country_code": "FO",
    "zipcode": "187",
    "place": "Hvitanes",
    "state": "",
    "state_code": "",
    "province": "",
    "province_code": "",
    "community": "",
    "community_code": "",
    "latitude": "62.05",
    "longitude": "-6.7667"
  },
  {
    "country_code": "FO",
    "zipcode": "188",
    "place": "Hoyvik",
    "state": "",
    "state_code": "",
    "province": "",
    "province_code": "",
    "community": "",
    "community_code": "",
    "latitude": "62.0341",
    "longitude": "-6.7813"
  },
  {
    "country_code": "FO",
    "zipcode": "210",
    "place": "Sandur",
    "state": "",
    "state_code": "",
    "province": "",
    "province_code": "",
    "community": "",
    "community_code": "",
    "latitude": "61.8425",
    "longitude": "-6.8078"
  },
  {
    "country_code": "FO",
    "zipcode": "215",
    "place": "Sandur",
    "state": "",
    "state_code": "",
    "province": "",
    "province_code": "",
    "community": "",
    "community_code": "",
    "latitude": "61.8425",
    "longitude": "-6.8078"
  },
  {
    "country_code": "FO",
    "zipcode": "220",
    "place": "Skálavik",
    "state": "",
    "state_code": "",
    "province": "",
    "province_code": "",
    "community": "",
    "community_code": "",
    "latitude": "61.8333",
    "longitude": "-6.65"
  },
  {
    "country_code": "FO",
    "zipcode": "230",
    "place": "Húsavik",
    "state": "",
    "state_code": "",
    "province": "",
    "province_code": "",
    "community": "",
    "community_code": "",
    "latitude": "61.8",
    "longitude": "-6.6667"
  },
  {
    "country_code": "FO",
    "zipcode": "235",
    "place": "Dalur",
    "state": "",
    "state_code": "",
    "province": "",
    "province_code": "",
    "community": "",
    "community_code": "",
    "latitude": "61.7833",
    "longitude": "-6.6667"
  },
  {
    "country_code": "FO",
    "zipcode": "236",
    "place": "Skarvanes",
    "state": "",
    "state_code": "",
    "province": "",
    "province_code": "",
    "community": "",
    "community_code": "",
    "latitude": "61.8",
    "longitude": "-6.7333"
  },
  {
    "country_code": "FO",
    "zipcode": "240",
    "place": "Skopun",
    "state": "",
    "state_code": "",
    "province": "",
    "province_code": "",
    "community": "",
    "community_code": "",
    "latitude": "61.9",
    "longitude": "-6.8667"
  },
  {
    "country_code": "FO",
    "zipcode": "260",
    "place": "Skúvoy",
    "state": "",
    "state_code": "",
    "province": "",
    "province_code": "",
    "community": "",
    "community_code": "",
    "latitude": "61.7667",
    "longitude": "-6.8"
  },
  {
    "country_code": "FO",
    "zipcode": "270",
    "place": "Nólsoy",
    "state": "",
    "state_code": "",
    "province": "",
    "province_code": "",
    "community": "",
    "community_code": "",
    "latitude": "62.0167",
    "longitude": "-6.6667"
  },
  {
    "country_code": "FO",
    "zipcode": "280",
    "place": "Hestur",
    "state": "",
    "state_code": "",
    "province": "",
    "province_code": "",
    "community": "",
    "community_code": "",
    "latitude": "61.95",
    "longitude": "-6.8667"
  },
  {
    "country_code": "FO",
    "zipcode": "285",
    "place": "Koltur",
    "state": "",
    "state_code": "",
    "province": "",
    "province_code": "",
    "community": "",
    "community_code": "",
    "latitude": "61.9833",
    "longitude": "-6.95"
  },
  {
    "country_code": "FO",
    "zipcode": "286",
    "place": "Stóra Dimun",
    "state": "",
    "state_code": "",
    "province": "",
    "province_code": "",
    "community": "",
    "community_code": "",
    "latitude": "61.9667",
    "longitude": "-6.9083"
  },
  {
    "country_code": "FO",
    "zipcode": "330",
    "place": "Stykkid",
    "state": "",
    "state_code": "",
    "province": "",
    "province_code": "",
    "community": "",
    "community_code": "",
    "latitude": "62.1167",
    "longitude": "-7.0333"
  },
  {
    "country_code": "FO",
    "zipcode": "335",
    "place": "Leynar",
    "state": "",
    "state_code": "",
    "province": "",
    "province_code": "",
    "community": "",
    "community_code": "",
    "latitude": "62.1167",
    "longitude": "-7.0333"
  },
  {
    "country_code": "FO",
    "zipcode": "336",
    "place": "Skællingur",
    "state": "",
    "state_code": "",
    "province": "",
    "province_code": "",
    "community": "",
    "community_code": "",
    "latitude": "62.1167",
    "longitude": "-7.0333"
  },
  {
    "country_code": "FO",
    "zipcode": "340",
    "place": "Kvivik",
    "state": "",
    "state_code": "",
    "province": "",
    "province_code": "",
    "community": "",
    "community_code": "",
    "latitude": "62.1167",
    "longitude": "-7.0667"
  },
  {
    "country_code": "FO",
    "zipcode": "350",
    "place": "Vestmanna",
    "state": "",
    "state_code": "",
    "province": "",
    "province_code": "",
    "community": "",
    "community_code": "",
    "latitude": "62.1564",
    "longitude": "-7.1664"
  },
  {
    "country_code": "FO",
    "zipcode": "355",
    "place": "Vestmanna",
    "state": "",
    "state_code": "",
    "province": "",
    "province_code": "",
    "community": "",
    "community_code": "",
    "latitude": "62.1564",
    "longitude": "-7.1664"
  },
  {
    "country_code": "FO",
    "zipcode": "358",
    "place": "Válur",
    "state": "",
    "state_code": "",
    "province": "",
    "province_code": "",
    "community": "",
    "community_code": "",
    "latitude": "62.1333",
    "longitude": "-7.1333"
  },
  {
    "country_code": "FO",
    "zipcode": "360",
    "place": "Sandavágur",
    "state": "",
    "state_code": "",
    "province": "",
    "province_code": "",
    "community": "",
    "community_code": "",
    "latitude": "62.05",
    "longitude": "-7.1333"
  },
  {
    "country_code": "FO",
    "zipcode": "370",
    "place": "Midvágur",
    "state": "",
    "state_code": "",
    "province": "",
    "province_code": "",
    "community": "",
    "community_code": "",
    "latitude": "62.0511",
    "longitude": "-7.1939"
  },
  {
    "country_code": "FO",
    "zipcode": "375",
    "place": "Midvágur",
    "state": "",
    "state_code": "",
    "province": "",
    "province_code": "",
    "community": "",
    "community_code": "",
    "latitude": "62.0511",
    "longitude": "-7.1939"
  },
  {
    "country_code": "FO",
    "zipcode": "380",
    "place": "Sørvágur",
    "state": "",
    "state_code": "",
    "province": "",
    "province_code": "",
    "community": "",
    "community_code": "",
    "latitude": "62.0973",
    "longitude": "-7.3577"
  },
  {
    "country_code": "FO",
    "zipcode": "385",
    "place": "Vatnsoyrar",
    "state": "",
    "state_code": "",
    "province": "",
    "province_code": "",
    "community": "",
    "community_code": "",
    "latitude": "62.0667",
    "longitude": "-7.2333"
  },
  {
    "country_code": "FO",
    "zipcode": "386",
    "place": "Bøur",
    "state": "",
    "state_code": "",
    "province": "",
    "province_code": "",
    "community": "",
    "community_code": "",
    "latitude": "62.0833",
    "longitude": "-7.35"
  },
  {
    "country_code": "FO",
    "zipcode": "387",
    "place": "Gásadalur",
    "state": "",
    "state_code": "",
    "province": "",
    "province_code": "",
    "community": "",
    "community_code": "",
    "latitude": "62.1167",
    "longitude": "-7.4333"
  },
  {
    "country_code": "FO",
    "zipcode": "388",
    "place": "Mykines",
    "state": "",
    "state_code": "",
    "province": "",
    "province_code": "",
    "community": "",
    "community_code": "",
    "latitude": "62.1",
    "longitude": "-7.6333"
  },
  {
    "country_code": "FO",
    "zipcode": "400",
    "place": "Oyrarbakki",
    "state": "",
    "state_code": "",
    "province": "",
    "province_code": "",
    "community": "",
    "community_code": "",
    "latitude": "62.2",
    "longitude": "-6.9833"
  },
  {
    "country_code": "FO",
    "zipcode": "405",
    "place": "Oyrarbakki",
    "state": "",
    "state_code": "",
    "province": "",
    "province_code": "",
    "community": "",
    "community_code": "",
    "latitude": "62.2",
    "longitude": "-6.9833"
  },
  {
    "country_code": "FO",
    "zipcode": "410",
    "place": "Kollafjørdur",
    "state": "",
    "state_code": "",
    "province": "",
    "province_code": "",
    "community": "",
    "community_code": "",
    "latitude": "62.1167",
    "longitude": "-6.9"
  },
  {
    "country_code": "FO",
    "zipcode": "415",
    "place": "Oyrareingir",
    "state": "",
    "state_code": "",
    "province": "",
    "province_code": "",
    "community": "",
    "community_code": "",
    "latitude": "62.1",
    "longitude": "-6.95"
  },
  {
    "country_code": "FO",
    "zipcode": "416",
    "place": "Signabøur",
    "state": "",
    "state_code": "",
    "province": "",
    "province_code": "",
    "community": "",
    "community_code": "",
    "latitude": "62.1",
    "longitude": "-6.9"
  },
  {
    "country_code": "FO",
    "zipcode": "420",
    "place": "Hósvik",
    "state": "",
    "state_code": "",
    "province": "",
    "province_code": "",
    "community": "",
    "community_code": "",
    "latitude": "62.15",
    "longitude": "-6.9333"
  },
  {
    "country_code": "FO",
    "zipcode": "430",
    "place": "Hvalvik",
    "state": "",
    "state_code": "",
    "province": "",
    "province_code": "",
    "community": "",
    "community_code": "",
    "latitude": "62.1833",
    "longitude": "-7.0167"
  },
  {
    "country_code": "FO",
    "zipcode": "435",
    "place": "Streymnes",
    "state": "",
    "state_code": "",
    "province": "",
    "province_code": "",
    "community": "",
    "community_code": "",
    "latitude": "62.2",
    "longitude": "-7.0167"
  },
  {
    "country_code": "FO",
    "zipcode": "436",
    "place": "Saksun",
    "state": "",
    "state_code": "",
    "province": "",
    "province_code": "",
    "community": "",
    "community_code": "",
    "latitude": "62.25",
    "longitude": "-7.1667"
  },
  {
    "country_code": "FO",
    "zipcode": "437",
    "place": "Nesvik",
    "state": "",
    "state_code": "",
    "province": "",
    "province_code": "",
    "community": "",
    "community_code": "",
    "latitude": "62.2167",
    "longitude": "-7.0167"
  },
  {
    "country_code": "FO",
    "zipcode": "438",
    "place": "Langasandur",
    "state": "",
    "state_code": "",
    "province": "",
    "province_code": "",
    "community": "",
    "community_code": "",
    "latitude": "62.2333",
    "longitude": "-7.0333"
  },
  {
    "country_code": "FO",
    "zipcode": "440",
    "place": "Haldarsvik",
    "state": "",
    "state_code": "",
    "province": "",
    "province_code": "",
    "community": "",
    "community_code": "",
    "latitude": "62.2833",
    "longitude": "-7.0833"
  },
  {
    "country_code": "FO",
    "zipcode": "445",
    "place": "Tjørnuvik",
    "state": "",
    "state_code": "",
    "province": "",
    "province_code": "",
    "community": "",
    "community_code": "",
    "latitude": "62.2833",
    "longitude": "-7.1333"
  },
  {
    "country_code": "FO",
    "zipcode": "450",
    "place": "Oyri",
    "state": "",
    "state_code": "",
    "province": "",
    "province_code": "",
    "community": "",
    "community_code": "",
    "latitude": "62.1833",
    "longitude": "-6.9667"
  },
  {
    "country_code": "FO",
    "zipcode": "460",
    "place": "Nordskáli",
    "state": "",
    "state_code": "",
    "province": "",
    "province_code": "",
    "community": "",
    "community_code": "",
    "latitude": "62.2167",
    "longitude": "-7"
  },
  {
    "country_code": "FO",
    "zipcode": "465",
    "place": "Svináir",
    "state": "",
    "state_code": "",
    "province": "",
    "province_code": "",
    "community": "",
    "community_code": "",
    "latitude": "62.2333",
    "longitude": "-7.0167"
  },
  {
    "country_code": "FO",
    "zipcode": "466",
    "place": "Ljósá",
    "state": "",
    "state_code": "",
    "province": "",
    "province_code": "",
    "community": "",
    "community_code": "",
    "latitude": "62.2667",
    "longitude": "-7.05"
  },
  {
    "country_code": "FO",
    "zipcode": "470",
    "place": "Eidi",
    "state": "",
    "state_code": "",
    "province": "",
    "province_code": "",
    "community": "",
    "community_code": "",
    "latitude": "62.3",
    "longitude": "-7.0833"
  },
  {
    "country_code": "FO",
    "zipcode": "475",
    "place": "Funningur",
    "state": "",
    "state_code": "",
    "province": "",
    "province_code": "",
    "community": "",
    "community_code": "",
    "latitude": "62.2833",
    "longitude": "-6.95"
  },
  {
    "country_code": "FO",
    "zipcode": "476",
    "place": "Gjógv",
    "state": "",
    "state_code": "",
    "province": "",
    "province_code": "",
    "community": "",
    "community_code": "",
    "latitude": "62.3167",
    "longitude": "-6.9333"
  },
  {
    "country_code": "FO",
    "zipcode": "477",
    "place": "Funningsfjørdur",
    "state": "",
    "state_code": "",
    "province": "",
    "province_code": "",
    "community": "",
    "community_code": "",
    "latitude": "62.2333",
    "longitude": "-6.9167"
  },
  {
    "country_code": "FO",
    "zipcode": "478",
    "place": "Elduvik",
    "state": "",
    "state_code": "",
    "province": "",
    "province_code": "",
    "community": "",
    "community_code": "",
    "latitude": "62.2833",
    "longitude": "-6.9"
  },
  {
    "country_code": "FO",
    "zipcode": "480",
    "place": "Skáli",
    "state": "",
    "state_code": "",
    "province": "",
    "province_code": "",
    "community": "",
    "community_code": "",
    "latitude": "62.15",
    "longitude": "-6.7667"
  },
  {
    "country_code": "FO",
    "zipcode": "485",
    "place": "Skálafjørdur",
    "state": "",
    "state_code": "",
    "province": "",
    "province_code": "",
    "community": "",
    "community_code": "",
    "latitude": "62.2",
    "longitude": "-6.85"
  },
  {
    "country_code": "FO",
    "zipcode": "490",
    "place": "Strendur",
    "state": "",
    "state_code": "",
    "province": "",
    "province_code": "",
    "community": "",
    "community_code": "",
    "latitude": "62.1167",
    "longitude": "-6.75"
  },
  {
    "country_code": "FO",
    "zipcode": "494",
    "place": "Innan Glyvur",
    "state": "",
    "state_code": "",
    "province": "",
    "province_code": "",
    "community": "",
    "community_code": "",
    "latitude": "62.1333",
    "longitude": "-6.75"
  },
  {
    "country_code": "FO",
    "zipcode": "495",
    "place": "Kolbanargjógv",
    "state": "",
    "state_code": "",
    "province": "",
    "province_code": "",
    "community": "",
    "community_code": "",
    "latitude": "62.1",
    "longitude": "-6.7833"
  },
  {
    "country_code": "FO",
    "zipcode": "496",
    "place": "Morskranes",
    "state": "",
    "state_code": "",
    "province": "",
    "province_code": "",
    "community": "",
    "community_code": "",
    "latitude": "62.1333",
    "longitude": "-6.8333"
  },
  {
    "country_code": "FO",
    "zipcode": "497",
    "place": "Selatrad",
    "state": "",
    "state_code": "",
    "province": "",
    "province_code": "",
    "community": "",
    "community_code": "",
    "latitude": "62.15",
    "longitude": "-6.85"
  },
  {
    "country_code": "FO",
    "zipcode": "510",
    "place": "Gøta",
    "state": "",
    "state_code": "",
    "province": "",
    "province_code": "",
    "community": "",
    "community_code": "",
    "latitude": "62.2",
    "longitude": "-6.7333"
  },
  {
    "country_code": "FO",
    "zipcode": "511",
    "place": "Gøtugjógv",
    "state": "",
    "state_code": "",
    "province": "",
    "province_code": "",
    "community": "",
    "community_code": "",
    "latitude": "62.1833",
    "longitude": "-6.7333"
  },
  {
    "country_code": "FO",
    "zipcode": "512",
    "place": "Nordragøta",
    "state": "",
    "state_code": "",
    "province": "",
    "province_code": "",
    "community": "",
    "community_code": "",
    "latitude": "62.2007",
    "longitude": "-6.7419"
  },
  {
    "country_code": "FO",
    "zipcode": "513",
    "place": "Sydrugøta",
    "state": "",
    "state_code": "",
    "province": "",
    "province_code": "",
    "community": "",
    "community_code": "",
    "latitude": "62.1833",
    "longitude": "-6.7333"
  },
  {
    "country_code": "FO",
    "zipcode": "515",
    "place": "Gøta",
    "state": "",
    "state_code": "",
    "province": "",
    "province_code": "",
    "community": "",
    "community_code": "",
    "latitude": "62.2",
    "longitude": "-6.7333"
  },
  {
    "country_code": "FO",
    "zipcode": "520",
    "place": "Leirvik",
    "state": "",
    "state_code": "",
    "province": "",
    "province_code": "",
    "community": "",
    "community_code": "",
    "latitude": "62.2167",
    "longitude": "-6.6833"
  },
  {
    "country_code": "FO",
    "zipcode": "530",
    "place": "Fuglafjørdur",
    "state": "",
    "state_code": "",
    "province": "",
    "province_code": "",
    "community": "",
    "community_code": "",
    "latitude": "62.244",
    "longitude": "-6.8139"
  },
  {
    "country_code": "FO",
    "zipcode": "535",
    "place": "Fuglafjørdur",
    "state": "",
    "state_code": "",
    "province": "",
    "province_code": "",
    "community": "",
    "community_code": "",
    "latitude": "62.244",
    "longitude": "-6.8139"
  },
  {
    "country_code": "FO",
    "zipcode": "600",
    "place": "Saltangará",
    "state": "",
    "state_code": "",
    "province": "",
    "province_code": "",
    "community": "",
    "community_code": "",
    "latitude": "62.1167",
    "longitude": "-6.7167"
  },
  {
    "country_code": "FO",
    "zipcode": "610",
    "place": "Saltangará",
    "state": "",
    "state_code": "",
    "province": "",
    "province_code": "",
    "community": "",
    "community_code": "",
    "latitude": "62.1167",
    "longitude": "-6.7167"
  },
  {
    "country_code": "FO",
    "zipcode": "620",
    "place": "Runavik",
    "state": "",
    "state_code": "",
    "province": "",
    "province_code": "",
    "community": "",
    "community_code": "",
    "latitude": "62.1167",
    "longitude": "-6.7167"
  },
  {
    "country_code": "FO",
    "zipcode": "625",
    "place": "Glyvrar",
    "state": "",
    "state_code": "",
    "province": "",
    "province_code": "",
    "community": "",
    "community_code": "",
    "latitude": "62.1333",
    "longitude": "-6.7167"
  },
  {
    "country_code": "FO",
    "zipcode": "626",
    "place": "Lambareidi",
    "state": "",
    "state_code": "",
    "province": "",
    "province_code": "",
    "community": "",
    "community_code": "",
    "latitude": "62.1333",
    "longitude": "-6.7167"
  },
  {
    "country_code": "FO",
    "zipcode": "627",
    "place": "Lambi",
    "state": "",
    "state_code": "",
    "province": "",
    "province_code": "",
    "community": "",
    "community_code": "",
    "latitude": "62.1333",
    "longitude": "-6.6833"
  },
  {
    "country_code": "FO",
    "zipcode": "640",
    "place": "Rituvik",
    "state": "",
    "state_code": "",
    "province": "",
    "province_code": "",
    "community": "",
    "community_code": "",
    "latitude": "62.1",
    "longitude": "-6.6667"
  },
  {
    "country_code": "FO",
    "zipcode": "645",
    "place": "Æduvik",
    "state": "",
    "state_code": "",
    "province": "",
    "province_code": "",
    "community": "",
    "community_code": "",
    "latitude": "62.0667",
    "longitude": "-6.6833"
  },
  {
    "country_code": "FO",
    "zipcode": "650",
    "place": "Toftir",
    "state": "",
    "state_code": "",
    "province": "",
    "province_code": "",
    "community": "",
    "community_code": "",
    "latitude": "62.1",
    "longitude": "-6.7333"
  },
  {
    "country_code": "FO",
    "zipcode": "655",
    "place": "Nes, Eysturoy",
    "state": "",
    "state_code": "",
    "province": "",
    "province_code": "",
    "community": "",
    "community_code": "",
    "latitude": "62.0833",
    "longitude": "-6.7167"
  },
  {
    "country_code": "FO",
    "zipcode": "656",
    "place": "Saltnes",
    "state": "",
    "state_code": "",
    "province": "",
    "province_code": "",
    "community": "",
    "community_code": "",
    "latitude": "62.1",
    "longitude": "-6.7333"
  },
  {
    "country_code": "FO",
    "zipcode": "660",
    "place": "Søldarfjørdur",
    "state": "",
    "state_code": "",
    "province": "",
    "province_code": "",
    "community": "",
    "community_code": "",
    "latitude": "62.15",
    "longitude": "-6.7333"
  },
  {
    "country_code": "FO",
    "zipcode": "665",
    "place": "Skipanes",
    "state": "",
    "state_code": "",
    "province": "",
    "province_code": "",
    "community": "",
    "community_code": "",
    "latitude": "62.1667",
    "longitude": "-6.75"
  },
  {
    "country_code": "FO",
    "zipcode": "666",
    "place": "Gøtueidi",
    "state": "",
    "state_code": "",
    "province": "",
    "province_code": "",
    "community": "",
    "community_code": "",
    "latitude": "62.1833",
    "longitude": "-6.7667"
  },
  {
    "country_code": "FO",
    "zipcode": "690",
    "place": "Oyndarfjørdur",
    "state": "",
    "state_code": "",
    "province": "",
    "province_code": "",
    "community": "",
    "community_code": "",
    "latitude": "62.2833",
    "longitude": "-6.8333"
  },
  {
    "country_code": "FO",
    "zipcode": "695",
    "place": "Hellur",
    "state": "",
    "state_code": "",
    "province": "",
    "province_code": "",
    "community": "",
    "community_code": "",
    "latitude": "62.2667",
    "longitude": "-6.8333"
  },
  {
    "country_code": "FO",
    "zipcode": "700",
    "place": "Klaksvik",
    "state": "",
    "state_code": "",
    "province": "",
    "province_code": "",
    "community": "",
    "community_code": "",
    "latitude": "62.2265",
    "longitude": "-6.589"
  },
  {
    "country_code": "FO",
    "zipcode": "710",
    "place": "Klaksvík",
    "state": "",
    "state_code": "",
    "province": "",
    "province_code": "",
    "community": "",
    "community_code": "",
    "latitude": "62.2265",
    "longitude": "-6.589"
  },
  {
    "country_code": "FO",
    "zipcode": "725",
    "place": "Nordoyri",
    "state": "",
    "state_code": "",
    "province": "",
    "province_code": "",
    "community": "",
    "community_code": "",
    "latitude": "62.2167",
    "longitude": "-6.5333"
  },
  {
    "country_code": "FO",
    "zipcode": "726",
    "place": "Ánir",
    "state": "",
    "state_code": "",
    "province": "",
    "province_code": "",
    "community": "",
    "community_code": "",
    "latitude": "62.25",
    "longitude": "-6.5667"
  },
  {
    "country_code": "FO",
    "zipcode": "727",
    "place": "Árnafjørdur",
    "state": "",
    "state_code": "",
    "province": "",
    "province_code": "",
    "community": "",
    "community_code": "",
    "latitude": "62.25",
    "longitude": "-6.5167"
  },
  {
    "country_code": "FO",
    "zipcode": "730",
    "place": "Norddepil",
    "state": "",
    "state_code": "",
    "province": "",
    "province_code": "",
    "community": "",
    "community_code": "",
    "latitude": "62.3",
    "longitude": "-6.5167"
  },
  {
    "country_code": "FO",
    "zipcode": "735",
    "place": "Depil",
    "state": "",
    "state_code": "",
    "province": "",
    "province_code": "",
    "community": "",
    "community_code": "",
    "latitude": "62.2833",
    "longitude": "-6.5167"
  },
  {
    "country_code": "FO",
    "zipcode": "736",
    "place": "Nordtoftir",
    "state": "",
    "state_code": "",
    "province": "",
    "province_code": "",
    "community": "",
    "community_code": "",
    "latitude": "62.2667",
    "longitude": "-6.5"
  },
  {
    "country_code": "FO",
    "zipcode": "737",
    "place": "Múli",
    "state": "",
    "state_code": "",
    "province": "",
    "province_code": "",
    "community": "",
    "community_code": "",
    "latitude": "62.35",
    "longitude": "-6.5667"
  },
  {
    "country_code": "FO",
    "zipcode": "740",
    "place": "Hvannasund",
    "state": "",
    "state_code": "",
    "province": "",
    "province_code": "",
    "community": "",
    "community_code": "",
    "latitude": "62.3",
    "longitude": "-6.5"
  },
  {
    "country_code": "FO",
    "zipcode": "750",
    "place": "Vidareidi",
    "state": "",
    "state_code": "",
    "province": "",
    "province_code": "",
    "community": "",
    "community_code": "",
    "latitude": "62.3667",
    "longitude": "-6.5333"
  },
  {
    "country_code": "FO",
    "zipcode": "765",
    "place": "Svinoy",
    "state": "",
    "state_code": "",
    "province": "",
    "province_code": "",
    "community": "",
    "community_code": "",
    "latitude": "62.2833",
    "longitude": "-6.3333"
  },
  {
    "country_code": "FO",
    "zipcode": "766",
    "place": "Kirkja",
    "state": "",
    "state_code": "",
    "province": "",
    "province_code": "",
    "community": "",
    "community_code": "",
    "latitude": "62.3167",
    "longitude": "-6.3"
  },
  {
    "country_code": "FO",
    "zipcode": "767",
    "place": "Hattarvik",
    "state": "",
    "state_code": "",
    "province": "",
    "province_code": "",
    "community": "",
    "community_code": "",
    "latitude": "62.3333",
    "longitude": "-6.25"
  },
  {
    "country_code": "FO",
    "zipcode": "780",
    "place": "Kunoy",
    "state": "",
    "state_code": "",
    "province": "",
    "province_code": "",
    "community": "",
    "community_code": "",
    "latitude": "62.2833",
    "longitude": "-6.6667"
  },
  {
    "country_code": "FO",
    "zipcode": "785",
    "place": "Haraldssund",
    "state": "",
    "state_code": "",
    "province": "",
    "province_code": "",
    "community": "",
    "community_code": "",
    "latitude": "62.2667",
    "longitude": "-6.6"
  },
  {
    "country_code": "FO",
    "zipcode": "795",
    "place": "Sydradalur, Kalsoy",
    "state": "",
    "state_code": "",
    "province": "",
    "province_code": "",
    "community": "",
    "community_code": "",
    "latitude": "62.3222",
    "longitude": "-6.7389"
  },
  {
    "country_code": "FO",
    "zipcode": "796",
    "place": "Húsar",
    "state": "",
    "state_code": "",
    "province": "",
    "province_code": "",
    "community": "",
    "community_code": "",
    "latitude": "62.2667",
    "longitude": "-6.6833"
  },
  {
    "country_code": "FO",
    "zipcode": "797",
    "place": "Mikladalur",
    "state": "",
    "state_code": "",
    "province": "",
    "province_code": "",
    "community": "",
    "community_code": "",
    "latitude": "62.3333",
    "longitude": "-6.75"
  },
  {
    "country_code": "FO",
    "zipcode": "798",
    "place": "Trøllanes",
    "state": "",
    "state_code": "",
    "province": "",
    "province_code": "",
    "community": "",
    "community_code": "",
    "latitude": "62.3667",
    "longitude": "-6.7833"
  },
  {
    "country_code": "FO",
    "zipcode": "800",
    "place": "Tvøroyri",
    "state": "",
    "state_code": "",
    "province": "",
    "province_code": "",
    "community": "",
    "community_code": "",
    "latitude": "61.5556",
    "longitude": "-6.8111"
  },
  {
    "country_code": "FO",
    "zipcode": "810",
    "place": "Tvøroyri",
    "state": "",
    "state_code": "",
    "province": "",
    "province_code": "",
    "community": "",
    "community_code": "",
    "latitude": "61.5556",
    "longitude": "-6.8111"
  },
  {
    "country_code": "FO",
    "zipcode": "825",
    "place": "Frodba",
    "state": "",
    "state_code": "",
    "province": "",
    "province_code": "",
    "community": "",
    "community_code": "",
    "latitude": "61.55",
    "longitude": "-6.7667"
  },
  {
    "country_code": "FO",
    "zipcode": "826",
    "place": "Trongisvágur",
    "state": "",
    "state_code": "",
    "province": "",
    "province_code": "",
    "community": "",
    "community_code": "",
    "latitude": "61.5667",
    "longitude": "-6.8333"
  },
  {
    "country_code": "FO",
    "zipcode": "827",
    "place": "Øravik",
    "state": "",
    "state_code": "",
    "province": "",
    "province_code": "",
    "community": "",
    "community_code": "",
    "latitude": "61.5333",
    "longitude": "-6.8"
  },
  {
    "country_code": "FO",
    "zipcode": "850",
    "place": "Hvalba",
    "state": "",
    "state_code": "",
    "province": "",
    "province_code": "",
    "community": "",
    "community_code": "",
    "latitude": "61.6",
    "longitude": "-6.95"
  },
  {
    "country_code": "FO",
    "zipcode": "860",
    "place": "Sandvik",
    "state": "",
    "state_code": "",
    "province": "",
    "province_code": "",
    "community": "",
    "community_code": "",
    "latitude": "61.6333",
    "longitude": "-6.9167"
  },
  {
    "country_code": "FO",
    "zipcode": "870",
    "place": "Fámjin",
    "state": "",
    "state_code": "",
    "province": "",
    "province_code": "",
    "community": "",
    "community_code": "",
    "latitude": "61.5167",
    "longitude": "-6.8667"
  },
  {
    "country_code": "FO",
    "zipcode": "900",
    "place": "Vágur",
    "state": "",
    "state_code": "",
    "province": "",
    "province_code": "",
    "community": "",
    "community_code": "",
    "latitude": "61.4732",
    "longitude": "-6.8118"
  },
  {
    "country_code": "FO",
    "zipcode": "910",
    "place": "Vágur",
    "state": "",
    "state_code": "",
    "province": "",
    "province_code": "",
    "community": "",
    "community_code": "",
    "latitude": "61.4732",
    "longitude": "-6.8118"
  },
  {
    "country_code": "FO",
    "zipcode": "925",
    "place": "Nes, Vágur",
    "state": "",
    "state_code": "",
    "province": "",
    "province_code": "",
    "community": "",
    "community_code": "",
    "latitude": "61.4389",
    "longitude": "-6.7444"
  },
  {
    "country_code": "FO",
    "zipcode": "926",
    "place": "Lopra",
    "state": "",
    "state_code": "",
    "province": "",
    "province_code": "",
    "community": "",
    "community_code": "",
    "latitude": "61.4333",
    "longitude": "-6.7667"
  },
  {
    "country_code": "FO",
    "zipcode": "927",
    "place": "Akrar",
    "state": "",
    "state_code": "",
    "province": "",
    "province_code": "",
    "community": "",
    "community_code": "",
    "latitude": "61.45",
    "longitude": "-6.75"
  },
  {
    "country_code": "FO",
    "zipcode": "928",
    "place": "Vikarbyrgi",
    "state": "",
    "state_code": "",
    "province": "",
    "province_code": "",
    "community": "",
    "community_code": "",
    "latitude": "61.4333",
    "longitude": "-6.7167"
  },
  {
    "country_code": "FO",
    "zipcode": "950",
    "place": "Porkeri",
    "state": "",
    "state_code": "",
    "province": "",
    "province_code": "",
    "community": "",
    "community_code": "",
    "latitude": "61.4833",
    "longitude": "-6.7333"
  },
  {
    "country_code": "FO",
    "zipcode": "960",
    "place": "Hov",
    "state": "",
    "state_code": "",
    "province": "",
    "province_code": "",
    "community": "",
    "community_code": "",
    "latitude": "61.5167",
    "longitude": "-6.7333"
  },
  {
    "country_code": "FO",
    "zipcode": "970",
    "place": "Sumba",
    "state": "",
    "state_code": "",
    "province": "",
    "province_code": "",
    "community": "",
    "community_code": "",
    "latitude": "61.4",
    "longitude": "-6.7"
  }
]
