[
  {
    "country_code": "LI",
    "zipcode": "9490",
    "place": "Vaduz",
    "state": "Vaduz",
    "state_code": "7001",
    "province": "",
    "province_code": "",
    "community": "",
    "community_code": "",
    "latitude": "47.1431",
    "longitude": "9.5256"
  },
  {
    "country_code": "LI",
    "zipcode": "9495",
    "place": "Triesen",
    "state": "Triesen",
    "state_code": "7002",
    "province": "",
    "province_code": "",
    "community": "",
    "community_code": "",
    "latitude": "47.0805",
    "longitude": "9.5515"
  },
  {
    "country_code": "LI",
    "zipcode": "9496",
    "place": "Balzers",
    "state": "Balzers",
    "state_code": "7003",
    "province": "",
    "province_code": "",
    "community": "",
    "community_code": "",
    "latitude": "47.067",
    "longitude": "9.5078"
  },
  {
    "country_code": "LI",
    "zipcode": "9497",
    "place": "Triesenberg",
    "state": "Triesenberg",
    "state_code": "7004",
    "province": "",
    "province_code": "",
    "community": "",
    "community_code": "",
    "latitude": "47.115",
    "longitude": "9.5831"
  },
  {
    "country_code": "LI",
    "zipcode": "9494",
    "place": "Schaan",
    "state": "Schaan",
    "state_code": "7005",
    "province": "",
    "province_code": "",
    "community": "",
    "community_code": "",
    "latitude": "47.1746",
    "longitude": "9.5247"
  },
  {
    "country_code": "LI",
    "zipcode": "9498",
    "place": "Planken",
    "state": "Planken",
    "state_code": "7006",
    "province": "",
    "province_code": "",
    "community": "",
    "community_code": "",
    "latitude": "47.1821",
    "longitude": "9.5574"
  },
  {
    "country_code": "LI",
    "zipcode": "9485",
    "place": "Nendeln",
    "state": "Eschen",
    "state_code": "7007",
    "province": "",
    "province_code": "",
    "community": "",
    "community_code": "",
    "latitude": "47.1984",
    "longitude": "9.5501"
  },
  {
    "country_code": "LI",
    "zipcode": "9492",
    "place": "Eschen",
    "state": "Eschen",
    "state_code": "7007",
    "province": "",
    "province_code": "",
    "community": "",
    "community_code": "",
    "latitude": "47.209",
    "longitude": "9.5223"
  },
  {
    "country_code": "LI",
    "zipcode": "9486",
    "place": "Schaanwald",
    "state": "Mauren",
    "state_code": "7008",
    "province": "",
    "province_code": "",
    "community": "",
    "community_code": "",
    "latitude": "47.2151",
    "longitude": "9.562"
  },
  {
    "country_code": "LI",
    "zipcode": "9493",
    "place": "Mauren FL",
    "state": "Mauren",
    "state_code": "7008",
    "province": "",
    "province_code": "",
    "community": "",
    "community_code": "",
    "latitude": "47.2191",
    "longitude": "9.5464"
  },
  {
    "country_code": "LI",
    "zipcode": "9487",
    "place": "Gamprin-Bendern",
    "state": "Gamprin",
    "state_code": "7009",
    "province": "",
    "province_code": "",
    "community": "",
    "community_code": "",
    "latitude": "47.2249",
    "longitude": "9.5135"
  },
  {
    "country_code": "LI",
    "zipcode": "9491",
    "place": "Ruggell",
    "state": "Ruggell",
    "state_code": "7010",
    "province": "",
    "province_code": "",
    "community": "",
    "community_code": "",
    "latitude": "47.2484",
    "longitude": "9.5345"
  },
  {
    "country_code": "LI",
    "zipcode": "9488",
    "place": "Schellenberg",
    "state": "Schellenberg",
    "state_code": "7011",
    "province": "",
    "province_code": "",
    "community": "",
    "community_code": "",
    "latitude": "47.2318",
    "longitude": "9.5478"
  }
]
