[
  {
    "country_code": "YT",
    "zipcode": "97605",
    "place": "Passamainty",
    "state": "Mayotte (general)",
    "state_code": "00",
    "province": "",
    "province_code": "",
    "community": "",
    "community_code": "",
    "latitude": "-12.802",
    "longitude": "45.2082"
  },
  {
    "country_code": "YT",
    "zipcode": "97630",
    "place": "Acoua",
    "state": "Acoua",
    "state_code": "97601",
    "province": "",
    "province_code": "",
    "community": "",
    "community_code": "",
    "latitude": "-12.7239",
    "longitude": "45.0582"
  },
  {
    "country_code": "YT",
    "zipcode": "97650",
    "place": "Bandraboua",
    "state": "Bandraboua",
    "state_code": "97602",
    "province": "",
    "province_code": "",
    "community": "",
    "community_code": "",
    "latitude": "-12.7044",
    "longitude": "45.1223"
  },
  {
    "country_code": "YT",
    "zipcode": "97660",
    "place": "Bandrélé",
    "state": "Bandrele",
    "state_code": "97603",
    "province": "",
    "province_code": "",
    "community": "",
    "community_code": "",
    "latitude": "-12.9128",
    "longitude": "45.1926"
  },
  {
    "country_code": "YT",
    "zipcode": "97620",
    "place": "Bouéni",
    "state": "Bouéni",
    "state_code": "97604",
    "province": "",
    "province_code": "",
    "community": "",
    "community_code": "",
    "latitude": "-12.9025",
    "longitude": "45.0761"
  },
  {
    "country_code": "YT",
    "zipcode": "97670",
    "place": "Chiconi",
    "state": "Chiconi",
    "state_code": "97605",
    "province": "",
    "province_code": "",
    "community": "",
    "community_code": "",
    "latitude": "-12.8333",
    "longitude": "45.1106"
  },
  {
    "country_code": "YT",
    "zipcode": "97620",
    "place": "Chirongui",
    "state": "Chirongui",
    "state_code": "97606",
    "province": "",
    "province_code": "",
    "community": "",
    "community_code": "",
    "latitude": "-12.9319",
    "longitude": "45.1483"
  },
  {
    "country_code": "YT",
    "zipcode": "97660",
    "place": "Dembeni",
    "state": "Dembeni",
    "state_code": "97607",
    "province": "",
    "province_code": "",
    "community": "",
    "community_code": "",
    "latitude": "-12.8436",
    "longitude": "45.1844"
  },
  {
    "country_code": "YT",
    "zipcode": "97615",
    "place": "Dzaoudzi",
    "state": "Dzaoudzi",
    "state_code": "97608",
    "province": "",
    "province_code": "",
    "community": "",
    "community_code": "",
    "latitude": "-12.7783",
    "longitude": "45.2837"
  },
  {
    "country_code": "YT",
    "zipcode": "97625",
    "place": "Kani Kéli",
    "state": "Kani-Kéli",
    "state_code": "97609",
    "province": "",
    "province_code": "",
    "community": "",
    "community_code": "",
    "latitude": "-12.9536",
    "longitude": "45.1033"
  },
  {
    "country_code": "YT",
    "zipcode": "97600",
    "place": "Koungou",
    "state": "Koungou",
    "state_code": "97610",
    "province": "",
    "province_code": "",
    "community": "",
    "community_code": "",
    "latitude": "-12.7336",
    "longitude": "45.2042"
  },
  {
    "country_code": "YT",
    "zipcode": "97600",
    "place": "Mamoudzou",
    "state": "Mamoudzou",
    "state_code": "97611",
    "province": "",
    "province_code": "",
    "community": "",
    "community_code": "",
    "latitude": "-12.7823",
    "longitude": "45.2288"
  },
  {
    "country_code": "YT",
    "zipcode": "97605",
    "place": "Mamoudzou",
    "state": "Mamoudzou",
    "state_code": "97611",
    "province": "",
    "province_code": "",
    "community": "",
    "community_code": "",
    "latitude": "-12.7823",
    "longitude": "45.2288"
  },
  {
    "country_code": "YT",
    "zipcode": "97650",
    "place": "Mamoudzou",
    "state": "Mamoudzou",
    "state_code": "97611",
    "province": "",
    "province_code": "",
    "community": "",
    "community_code": "",
    "latitude": "-12.7823",
    "longitude": "45.2288"
  },
  {
    "country_code": "YT",
    "zipcode": "97680",
    "place": "Mamoudzou",
    "state": "Mamoudzou",
    "state_code": "97611",
    "province": "",
    "province_code": "",
    "community": "",
    "community_code": "",
    "latitude": "-12.7823",
    "longitude": "45.2288"
  },
  {
    "country_code": "YT",
    "zipcode": "97630",
    "place": "Mtsamboro",
    "state": "Mtsamboro",
    "state_code": "97612",
    "province": "",
    "province_code": "",
    "community": "",
    "community_code": "",
    "latitude": "-12.6998",
    "longitude": "45.0689"
  },
  {
    "country_code": "YT",
    "zipcode": "97650",
    "place": "M'Tsangamouji",
    "state": "M'Tsangamouji",
    "state_code": "97613",
    "province": "",
    "province_code": "",
    "community": "",
    "community_code": "",
    "latitude": "-12.7594",
    "longitude": "45.0836"
  },
  {
    "country_code": "YT",
    "zipcode": "97670",
    "place": "Ouangani",
    "state": "Ouangani",
    "state_code": "97614",
    "province": "",
    "province_code": "",
    "community": "",
    "community_code": "",
    "latitude": "-12.8464",
    "longitude": "45.1361"
  },
  {
    "country_code": "YT",
    "zipcode": "97615",
    "place": "Pamandzi",
    "state": "Pamandzi",
    "state_code": "97615",
    "province": "",
    "province_code": "",
    "community": "",
    "community_code": "",
    "latitude": "-12.7949",
    "longitude": "45.282"
  },
  {
    "country_code": "YT",
    "zipcode": "97640",
    "place": "Sada",
    "state": "Sada",
    "state_code": "97616",
    "province": "",
    "province_code": "",
    "community": "",
    "community_code": "",
    "latitude": "-12.8505",
    "longitude": "45.1021"
  },
  {
    "country_code": "YT",
    "zipcode": "97680",
    "place": "Tsingoni",
    "state": "Tsingoni",
    "state_code": "97617",
    "province": "",
    "province_code": "",
    "community": "",
    "community_code": "",
    "latitude": "-12.7872",
    "longitude": "45.1028"
  }
]
