[
  {
    "country_code": "SM",
    "zipcode": "47890",
    "place": "Casole",
    "state": "",
    "state_code": "",
    "province": "",
    "province_code": "",
    "community": "",
    "community_code": "",
    "latitude": "43.9267",
    "longitude": "12.4507"
  },
  {
    "country_code": "SM",
    "zipcode": "47890",
    "place": "San Marino",
    "state": "",
    "state_code": "",
    "province": "",
    "province_code": "",
    "community": "",
    "community_code": "",
    "latitude": "43.9333",
    "longitude": "12.45"
  },
  {
    "country_code": "SM",
    "zipcode": "47890",
    "place": "Murata",
    "state": "",
    "state_code": "",
    "province": "",
    "province_code": "",
    "community": "",
    "community_code": "",
    "latitude": "43.9202",
    "longitude": "12.4515"
  },
  {
    "country_code": "SM",
    "zipcode": "47890",
    "place": "Santa Mustiola",
    "state": "",
    "state_code": "",
    "province": "",
    "province_code": "",
    "community": "",
    "community_code": "",
    "latitude": "43.9267",
    "longitude": "12.4507"
  },
  {
    "country_code": "SM",
    "zipcode": "47891",
    "place": "Dogana",
    "state": "",
    "state_code": "",
    "province": "",
    "province_code": "",
    "community": "",
    "community_code": "",
    "latitude": "43.9803",
    "longitude": "12.4905"
  },
  {
    "country_code": "SM",
    "zipcode": "47891",
    "place": "Rovereta",
    "state": "",
    "state_code": "",
    "province": "",
    "province_code": "",
    "community": "",
    "community_code": "",
    "latitude": "43.9818",
    "longitude": "12.4953"
  },
  {
    "country_code": "SM",
    "zipcode": "47891",
    "place": "Galazzano",
    "state": "",
    "state_code": "",
    "province": "",
    "province_code": "",
    "community": "",
    "community_code": "",
    "latitude": "43.9818",
    "longitude": "12.4953"
  },
  {
    "country_code": "SM",
    "zipcode": "47891",
    "place": "Falciano",
    "state": "",
    "state_code": "",
    "province": "",
    "province_code": "",
    "community": "",
    "community_code": "",
    "latitude": "43.9833",
    "longitude": "12.5"
  },
  {
    "country_code": "SM",
    "zipcode": "47892",
    "place": "Gualdicciolo",
    "state": "",
    "state_code": "",
    "province": "",
    "province_code": "",
    "community": "",
    "community_code": "",
    "latitude": "43.9498",
    "longitude": "12.4073"
  },
  {
    "country_code": "SM",
    "zipcode": "47892",
    "place": "Acquaviva",
    "state": "",
    "state_code": "",
    "province": "",
    "province_code": "",
    "community": "",
    "community_code": "",
    "latitude": "43.95",
    "longitude": "12.4167"
  },
  {
    "country_code": "SM",
    "zipcode": "47893",
    "place": "Ca' Rigo",
    "state": "",
    "state_code": "",
    "province": "",
    "province_code": "",
    "community": "",
    "community_code": "",
    "latitude": "43.9419",
    "longitude": "12.4474"
  },
  {
    "country_code": "SM",
    "zipcode": "47893",
    "place": "Ventoso",
    "state": "",
    "state_code": "",
    "province": "",
    "province_code": "",
    "community": "",
    "community_code": "",
    "latitude": "43.9419",
    "longitude": "12.4474"
  },
  {
    "country_code": "SM",
    "zipcode": "47893",
    "place": "Borgo Maggiore",
    "state": "",
    "state_code": "",
    "province": "",
    "province_code": "",
    "community": "",
    "community_code": "",
    "latitude": "43.9419",
    "longitude": "12.4474"
  },
  {
    "country_code": "SM",
    "zipcode": "47893",
    "place": "Valdragone",
    "state": "",
    "state_code": "",
    "province": "",
    "province_code": "",
    "community": "",
    "community_code": "",
    "latitude": "43.9419",
    "longitude": "12.4474"
  },
  {
    "country_code": "SM",
    "zipcode": "47893",
    "place": "San Giovanni",
    "state": "",
    "state_code": "",
    "province": "",
    "province_code": "",
    "community": "",
    "community_code": "",
    "latitude": "43.9419",
    "longitude": "12.4474"
  },
  {
    "country_code": "SM",
    "zipcode": "47893",
    "place": "Cailungo",
    "state": "",
    "state_code": "",
    "province": "",
    "province_code": "",
    "community": "",
    "community_code": "",
    "latitude": "43.9419",
    "longitude": "12.4474"
  },
  {
    "country_code": "SM",
    "zipcode": "47894",
    "place": "Teglio",
    "state": "",
    "state_code": "",
    "province": "",
    "province_code": "",
    "community": "",
    "community_code": "",
    "latitude": "43.9167",
    "longitude": "12.4167"
  },
  {
    "country_code": "SM",
    "zipcode": "47894",
    "place": "Chiesanuova",
    "state": "",
    "state_code": "",
    "province": "",
    "province_code": "",
    "community": "",
    "community_code": "",
    "latitude": "43.9167",
    "longitude": "12.4167"
  },
  {
    "country_code": "SM",
    "zipcode": "47895",
    "place": "Domagnano",
    "state": "",
    "state_code": "",
    "province": "",
    "province_code": "",
    "community": "",
    "community_code": "",
    "latitude": "43.9528",
    "longitude": "12.4701"
  },
  {
    "country_code": "SM",
    "zipcode": "47895",
    "place": "Torraccia",
    "state": "",
    "state_code": "",
    "province": "",
    "province_code": "",
    "community": "",
    "community_code": "",
    "latitude": "43.9528",
    "longitude": "12.4701"
  },
  {
    "country_code": "SM",
    "zipcode": "47896",
    "place": "Faetano",
    "state": "",
    "state_code": "",
    "province": "",
    "province_code": "",
    "community": "",
    "community_code": "",
    "latitude": "43.9333",
    "longitude": "12.5"
  },
  {
    "country_code": "SM",
    "zipcode": "47897",
    "place": "Fiorentino",
    "state": "",
    "state_code": "",
    "province": "",
    "province_code": "",
    "community": "",
    "community_code": "",
    "latitude": "43.9",
    "longitude": "12.45"
  },
  {
    "country_code": "SM",
    "zipcode": "47898",
    "place": "Montegiardino",
    "state": "",
    "state_code": "",
    "province": "",
    "province_code": "",
    "community": "",
    "community_code": "",
    "latitude": "43.9",
    "longitude": "12.5"
  },
  {
    "country_code": "SM",
    "zipcode": "47898",
    "place": "Cerbaiola",
    "state": "",
    "state_code": "",
    "province": "",
    "province_code": "",
    "community": "",
    "community_code": "",
    "latitude": "43.9",
    "longitude": "12.5"
  },
  {
    "country_code": "SM",
    "zipcode": "47899",
    "place": "Fiorina",
    "state": "",
    "state_code": "",
    "province": "",
    "province_code": "",
    "community": "",
    "community_code": "",
    "latitude": "43.958",
    "longitude": "12.4769"
  },
  {
    "country_code": "SM",
    "zipcode": "47899",
    "place": "Serravalle",
    "state": "",
    "state_code": "",
    "province": "",
    "province_code": "",
    "community": "",
    "community_code": "",
    "latitude": "43.95",
    "longitude": "12.5"
  }
]
