[
  {
    "country_code": "GU",
    "zipcode": "96910",
    "place": "Hagatna",
    "state": "Gu",
    "state_code": "66",
    "province": "Guam",
    "province_code": "010",
    "community": "",
    "community_code": "",
    "latitude": "13.452",
    "longitude": "144.7465"
  },
  {
    "country_code": "GU",
    "zipcode": "96911",
    "place": "Tamuning",
    "state": "Gu",
    "state_code": "66",
    "province": "Guam",
    "province_code": "010",
    "community": "",
    "community_code": "",
    "latitude": "13.4443",
    "longitude": "144.7863"
  },
  {
    "country_code": "GU",
    "zipcode": "96912",
    "place": "Dededo",
    "state": "Gu",
    "state_code": "66",
    "province": "Guam",
    "province_code": "010",
    "community": "",
    "community_code": "",
    "latitude": "13.4443",
    "longitude": "144.7863"
  },
  {
    "country_code": "GU",
    "zipcode": "96913",
    "place": "Barrigada",
    "state": "Gu",
    "state_code": "66",
    "province": "Guam",
    "province_code": "010",
    "community": "",
    "community_code": "",
    "latitude": "13.4443",
    "longitude": "144.7863"
  },
  {
    "country_code": "GU",
    "zipcode": "96914",
    "place": "Yona",
    "state": "Gu",
    "state_code": "66",
    "province": "Guam",
    "province_code": "010",
    "community": "",
    "community_code": "",
    "latitude": "13.4443",
    "longitude": "144.7863"
  },
  {
    "country_code": "GU",
    "zipcode": "96915",
    "place": "Santa Rita",
    "state": "Gu",
    "state_code": "66",
    "province": "Guam",
    "province_code": "010",
    "community": "",
    "community_code": "",
    "latitude": "13.3633",
    "longitude": "144.7102"
  },
  {
    "country_code": "GU",
    "zipcode": "96916",
    "place": "Merizo",
    "state": "Gu",
    "state_code": "66",
    "province": "Guam",
    "province_code": "010",
    "community": "",
    "community_code": "",
    "latitude": "13.2637",
    "longitude": "144.7016"
  },
  {
    "country_code": "GU",
    "zipcode": "96917",
    "place": "Inarajan",
    "state": "Gu",
    "state_code": "66",
    "province": "Guam",
    "province_code": "010",
    "community": "",
    "community_code": "",
    "latitude": "13.2944",
    "longitude": "144.7211"
  },
  {
    "country_code": "GU",
    "zipcode": "96918",
    "place": "Umatac",
    "state": "Gu",
    "state_code": "66",
    "province": "Guam",
    "province_code": "010",
    "community": "",
    "community_code": "",
    "latitude": "13.4443",
    "longitude": "144.7863"
  },
  {
    "country_code": "GU",
    "zipcode": "96919",
    "place": "Agana Heights",
    "state": "Gu",
    "state_code": "66",
    "province": "Guam",
    "province_code": "010",
    "community": "",
    "community_code": "",
    "latitude": "13.4443",
    "longitude": "144.7863"
  },
  {
    "country_code": "GU",
    "zipcode": "96921",
    "place": "Barrigada",
    "state": "Gu",
    "state_code": "66",
    "province": "Guam",
    "province_code": "010",
    "community": "",
    "community_code": "",
    "latitude": "13.4593",
    "longitude": "144.7942"
  },
  {
    "country_code": "GU",
    "zipcode": "96922",
    "place": "Asan",
    "state": "Gu",
    "state_code": "66",
    "province": "Guam",
    "province_code": "010",
    "community": "",
    "community_code": "",
    "latitude": "13.4443",
    "longitude": "144.7863"
  },
  {
    "country_code": "GU",
    "zipcode": "96923",
    "place": "Mangilao",
    "state": "Gu",
    "state_code": "66",
    "province": "Guam",
    "province_code": "010",
    "community": "",
    "community_code": "",
    "latitude": "13.4443",
    "longitude": "144.7863"
  },
  {
    "country_code": "GU",
    "zipcode": "96925",
    "place": "Piti",
    "state": "Gu",
    "state_code": "66",
    "province": "Guam",
    "province_code": "010",
    "community": "",
    "community_code": "",
    "latitude": "13.4443",
    "longitude": "144.7863"
  },
  {
    "country_code": "GU",
    "zipcode": "96926",
    "place": "Sinajana",
    "state": "Gu",
    "state_code": "66",
    "province": "Guam",
    "province_code": "010",
    "community": "",
    "community_code": "",
    "latitude": "13.4443",
    "longitude": "144.7863"
  },
  {
    "country_code": "GU",
    "zipcode": "96927",
    "place": "Mongmong",
    "state": "Gu",
    "state_code": "66",
    "province": "Guam",
    "province_code": "010",
    "community": "",
    "community_code": "",
    "latitude": "13.4443",
    "longitude": "144.7863"
  },
  {
    "country_code": "GU",
    "zipcode": "96928",
    "place": "Agat",
    "state": "Gu",
    "state_code": "66",
    "province": "Guam",
    "province_code": "010",
    "community": "",
    "community_code": "",
    "latitude": "13.3893",
    "longitude": "144.6604"
  },
  {
    "country_code": "GU",
    "zipcode": "96929",
    "place": "Yigo",
    "state": "Gu",
    "state_code": "66",
    "province": "Guam",
    "province_code": "010",
    "community": "",
    "community_code": "",
    "latitude": "13.5702",
    "longitude": "144.8834"
  },
  {
    "country_code": "GU",
    "zipcode": "96930",
    "place": "Talofofo",
    "state": "Gu",
    "state_code": "66",
    "province": "Guam",
    "province_code": "010",
    "community": "",
    "community_code": "",
    "latitude": "13.4443",
    "longitude": "144.7863"
  },
  {
    "country_code": "GU",
    "zipcode": "96931",
    "place": "Tamuning",
    "state": "Gu",
    "state_code": "66",
    "province": "Guam",
    "province_code": "010",
    "community": "",
    "community_code": "",
    "latitude": "13.4443",
    "longitude": "144.7863"
  },
  {
    "country_code": "GU",
    "zipcode": "96932",
    "place": "Hagatna",
    "state": "Gu",
    "state_code": "66",
    "province": "Guam",
    "province_code": "010",
    "community": "",
    "community_code": "",
    "latitude": "13.4746",
    "longitude": "144.7464"
  }
]
