country_code,zipcode,place,state,state_code,province,province_code,community,community_code,latitude,longitude
SI,1000,Ljubljana - dostava,"","","","","","",46.0511,14.5051
SI,1001,Ljubljana - poštni predali,"","","","","","",46.0511,14.5051
SI,1210,Ljubljana Šentvid,"","","","","","",46.0964,14.4697
SI,1211,Ljubljana-Šmartno,"","","","","","",46.168,14.5217
SI,1215,Medvode,"","","","","","",46.1333,14.4333
SI,1216,Smlednik,"","","","","","",46.1642,14.4325
SI,1217,Vodice,"","","","","","",46.1899,14.4949
SI,1218,Komenda,"","","","","","",46.2048,14.5384
SI,1219,Laze v Tuhinju,"","","","","","",46.2194,14.7611
SI,1221,Motnik,"","","","","","",46.2153,14.8911
SI,1222,Trojane,"","","","","","",46.1883,14.8831
SI,1223,Blagovica,"","","","","","",46.1769,14.8072
SI,1225,Lukovica,"","","","","","",46.1667,14.7
SI,1230,Domžale,"","","","","","",46.1377,14.5937
SI,1231,Ljubljana Črnuče,"","","","","","",46.1527,14.5952
SI,1233,Dob,"","","","","","",46.1519,14.6286
SI,1234,Mengeš,"","","","","","",46.1669,14.575
SI,1235,Radomlje,"","","","","","",46.1736,14.6122
SI,1236,Trzin,"","","","","","",46.1333,14.5667
SI,1241,Kamnik,"","","","","","",46.2259,14.6121
SI,1242,Stahovica,"","","","","","",46.2619,14.6022
SI,1251,Moravče,"","","","","","",46.1369,14.745
SI,1252,Vače,"","","","","","",46.12,14.8392
SI,1260,Ljubljana Polje,"","","","","","",46.0667,14.5833
SI,1261,Ljubljana-Dobrunje,"","","","","","",46.0333,14.5833
SI,1262,Dol pri Ljubljani,"","","","","","",46.0886,14.6008
SI,1270,Litija,"","","","","","",46.0586,14.8225
SI,1272,Polšnik,"","","","","","",46.0667,14.95
SI,1273,Dole pri Litiji,"","","","","","",46.0353,15.0189
SI,1274,Gabrovka,"","","","","","",46.0167,15
SI,1275,Šmartno pri Litiji,"","","","","","",46.0444,14.8442
SI,1276,Primskovo,"","","","","","",45.9717,14.9104
SI,1281,Kresnice,"","","","","","",46.102,14.7858
SI,1282,Sava,"","","","","","",46.0898,14.8904
SI,1290,Grosuplje,"","","","","","",45.9556,14.6589
SI,1291,Škofljica,"","","","","","",45.9833,14.5767
SI,1292,Ig,"","","","","","",45.9603,14.5289
SI,1293,Šmarje-Sap,"","","","","","",45.9762,14.6118
SI,1294,Višnja Gora,"","","","","","",45.9539,14.7453
SI,1295,Ivančna Gorica,"","","","","","",45.9383,14.8044
SI,1296,Šentvid pri Stični,"","","","","","",45.95,14.8434
SI,1301,Krka,"","","","","","",45.8813,14.7781
SI,1303,Zagradec,"","","","","","",45.8614,14.8342
SI,1310,Ribnica,"","","","","","",45.7386,14.7275
SI,1311,Turjak,"","","","","","",45.8789,14.6153
SI,1312,Videm-Dobrepolje,"","","","","","",45.85,14.6942
SI,1313,Struge,"","","","","","",45.7817,14.7747
SI,1314,Rob,"","","","","","",45.8486,14.5722
SI,1315,Velike Lašče,"","","","","","",45.8322,14.6364
SI,1316,Ortnek,"","","","","","",45.782,14.6753
SI,1317,Sodražica,"","","","","","",45.7611,14.6356
SI,1318,Loški Potok,"","","","","","",45.8236,14.6531
SI,1319,Draga,"","","","","","",45.9395,14.547
SI,1330,Kočevje,"","","","","","",45.6433,14.8633
SI,1331,Dolenja vas,"","","","","","",45.7061,14.7544
SI,1332,Stara Cerkev,"","","","","","",45.6722,14.8397
SI,1336,Vas,"","","","","","",45.4747,14.8692
SI,1337,Osilnica,"","","","","","",45.5278,14.6944
SI,1338,Kočevska Reka,"","","","","","",45.5764,14.7969
SI,1351,Brezovica pri Ljubljani,"","","","","","",46.0333,14.4
SI,1352,Preserje,"","","","","","",45.9569,14.4189
SI,1353,Borovnica,"","","","","","",45.9158,14.3631
SI,1354,Horjul,"","","","","","",46.0236,14.2992
SI,1355,Polhov Gradec,"","","","","","",46.0669,14.3161
SI,1356,Dobrova,"","","","","","",46.055,14.4172
SI,1357,Notranje Gorice,"","","","","","",45.9875,14.3989
SI,1358,Log pri Brezovici,"","","","","","",46.0167,14.3667
SI,1360,Vrhnika,"","","","","","",45.6922,14.5028
SI,1370,Logatec,"","","","","","",45.9144,14.2258
SI,1371,Logatec,"","","","","","",45.9144,14.2258
SI,1372,Hotedršica,"","","","","","",45.9303,14.1422
SI,1373,Rovte,"","","","","","",45.9853,14.1775
SI,1380,Cerknica,"","","","","","",45.7931,14.3625
SI,1381,Rakek,"","","","","","",45.8133,14.3111
SI,1382,Begunje pri Cerknici,"","","","","","",45.8181,14.3822
SI,1384,Grahovo,"","","","","","",45.7692,14.4222
SI,1385,Nova vas,"","","","","","",45.7717,14.5058
SI,1386,Stari trg pri Ložu,"","","","","","",45.7148,14.471
SI,1410,Zagorje ob Savi,"","","","","","",46.1318,14.9969
SI,1411,Izlake,"","","","","","",46.15,14.95
SI,1412,Kisovec,"","","","","","",46.1391,14.9629
SI,1413,Čemšenik,"","","","","","",46.1792,14.9444
SI,1414,Podkum,"","","","","","",46.0714,15.0286
SI,1420,Trbovlje,"","","","","","",46.155,15.0533
SI,1423,Dobovec,"","","","","","",46.1131,15.0572
SI,1430,Hrastnik,"","","","","","",46.1461,15.0814
SI,1431,Dol pri Hrastniku,"","","","","","",46.1419,15.1128
SI,1432,Zidani Most,"","","","","","",46.0882,15.1728
SI,1433,Radeče,"","","","","","",46.0681,15.1839
SI,1434,Loka pri Zidanem Mostu,"","","","","","",46.0575,15.2072
SI,1500,Ljubljana,"","","","","","",46.0511,14.5051
SI,1501,Ljubljana,"","","","","","",46.0511,14.5051
SI,1502,Ljubljana,"","","","","","",46.0511,14.5051
SI,1503,Ljubljana,"","","","","","",46.0511,14.5051
SI,1504,Ljubljana,"","","","","","",46.0511,14.5051
SI,1505,Ljubljana,"","","","","","",46.0511,14.5051
SI,1506,Ljubljana,"","","","","","",46.0511,14.5051
SI,1507,Ljubljana,"","","","","","",46.0511,14.5051
SI,1508,Ljubljana,"","","","","","",46.0511,14.5051
SI,1509,Ljubljana,"","","","","","",46.0511,14.5051
SI,1510,Ljubljana,"","","","","","",46.0511,14.5051
SI,1511,Ljubljana,"","","","","","",46.0511,14.5051
SI,1512,Ljubljana,"","","","","","",46.0511,14.5051
SI,1513,Ljubljana,"","","","","","",46.0511,14.5051
SI,1514,Ljubljana,"","","","","","",46.0511,14.5051
SI,1516,Ljubljana,"","","","","","",46.0511,14.5051
SI,1517,Ljubljana,"","","","","","",46.0511,14.5051
SI,1518,Ljubljana,"","","","","","",46.0511,14.5051
SI,1519,Ljubljana,"","","","","","",46.0511,14.5051
SI,1520,Ljubljana,"","","","","","",46.0511,14.5051
SI,1521,Ljubljana,"","","","","","",46.0511,14.5051
SI,1522,Ljubljana,"","","","","","",46.0511,14.5051
SI,1523,Ljubljana,"","","","","","",46.0511,14.5051
SI,1524,Ljubljana,"","","","","","",46.0511,14.5051
SI,1525,Ljubljana,"","","","","","",46.0511,14.5051
SI,1526,Ljubljana,"","","","","","",46.0511,14.5051
SI,1527,Ljubljana,"","","","","","",46.0511,14.5051
SI,1528,Ljubljana,"","","","","","",46.0511,14.5051
SI,1529,Ljubljana,"","","","","","",46.0511,14.5051
SI,1532,Ljubljana,"","","","","","",46.0511,14.5051
SI,1533,Ljubljana,"","","","","","",46.0511,14.5051
SI,1534,Ljubljana,"","","","","","",46.0511,14.5051
SI,1535,Ljubljana,"","","","","","",46.0511,14.5051
SI,1536,Ljubljana,"","","","","","",46.0511,14.5051
SI,1537,Ljubljana,"","","","","","",46.0511,14.5051
SI,1538,Ljubljana,"","","","","","",46.0511,14.5051
SI,1540,Ljubljana,"","","","","","",46.0511,14.5051
SI,1542,Ljubljana,"","","","","","",46.0511,14.5051
SI,1543,Ljubljana,"","","","","","",46.0511,14.5051
SI,1544,Ljubljana,"","","","","","",46.0511,14.5051
SI,1545,Ljubljana,"","","","","","",46.0511,14.5051
SI,1546,Ljubljana,"","","","","","",46.0511,14.5051
SI,1547,Ljubljana,"","","","","","",46.0511,14.5051
SI,1550,Ljubljana,"","","","","","",46.0511,14.5051
SI,1600,Ljubljana,"","","","","","",46.0511,14.5051
SI,2000,Maribor - dostava,"","","","","","",46.5547,15.6467
SI,2001,Maribor - poštni predali,"","","","","","",46.5547,15.6467
SI,2201,Zgornja Kungota,"","","","","","",46.6392,15.6156
SI,2204,Miklavž na Dravskem polju,"","","","","","",46.5058,15.6972
SI,2205,Starše,"","","","","","",46.4658,15.7672
SI,2206,Marjeta na Dravskem polju,"","","","","","",46.4525,15.7369
SI,2208,Pohorje,"","","","","","",46.5026,15.573
SI,2211,Pesnica pri Mariboru,"","","","","","",46.6069,15.6767
SI,2212,Šentilj v Slovenskih goricah,"","","","","","",46.6792,15.6532
SI,2213,Zgornja Velka,"","","","","","",46.6753,15.7692
SI,2214,Sladki Vrh,"","","","","","",46.7075,15.8011
SI,2215,Ceršak,"","","","","","",46.6992,15.6692
SI,2221,Jarenina,"","","","","","",46.5803,15.7438
SI,2222,Jakobski Dol,"","","","","","",46.5803,15.7438
SI,2223,Jurovski Dol,"","","","","","",46.6064,15.7847
SI,2229,Malečnik,"","","","","","",46.5542,15.7028
SI,2230,Lenart v Slovenskih goricah,"","","","","","",46.5761,15.8314
SI,2231,Pernica,"","","","","","",46.58,15.7278
SI,2232,Voličina,"","","","","","",46.5838,15.8478
SI,2233,Sv. Ana v Slovenskih goricah,"","","","","","",46.5838,15.8478
SI,2234,Benedikt,"","","","","","",46.6086,15.8883
SI,2235,Sv. Trojica v Slovenskih goricah,"","","","","","",46.5838,15.8478
SI,2236,Cerkvenjak,"","","","","","",46.5706,15.9436
SI,2241,Spodnji Duplek,"","","","","","",46.5031,15.7453
SI,2242,Zgornja Korena,"","","","","","",46.524,15.7723
SI,2250,Ptuj,"","","","","","",46.4201,15.8702
SI,2252,Dornava,"","","","","","",46.4367,15.9536
SI,2253,Destrnik,"","","","","","",46.5006,15.875
SI,2254,Trnovska vas,"","","","","","",46.5202,15.8866
SI,2255,Vitomarci,"","","","","","",46.5275,15.9394
SI,2256,Juršinci,"","","","","","",46.4847,15.9714
SI,2257,Polenšak,"","","","","","",46.4746,16.0031
SI,2258,Sveti Tomaž,"","","","","","",46.4842,16.0836
SI,2259,Ivanjkovci,"","","","","","",46.4622,16.1458
SI,2270,Ormož,"","","","","","",46.4114,16.1544
SI,2272,Gorišnica,"","","","","","",46.4147,16.0139
SI,2273,Podgorci,"","","","","","",46.4292,16.0636
SI,2274,Velika Nedelja,"","","","","","",46.4178,16.1097
SI,2275,Miklavž pri Ormožu,"","","","","","",46.46,16.2136
SI,2276,Kog,"","","","","","",46.4717,16.2508
SI,2277,Središče ob Dravi,"","","","","","",46.3942,16.2681
SI,2281,Markovci,"","","","","","",46.3833,15.95
SI,2282,Cirkulane,"","","","","","",46.3441,15.9947
SI,2283,Zavrč,"","","","","","",46.3917,16.0497
SI,2284,Videm pri Ptuju,"","","","","","",46.3686,15.9064
SI,2285,Zgornji Leskovec,"","","","","","",46.3303,15.9369
SI,2286,Podlehnik,"","","","","","",46.3353,15.88
SI,2287,Žetale,"","","","","","",46.275,15.7939
SI,2288,Hajdina,"","","","","","",46.4089,15.8469
SI,2289,Stoperce,"","","","","","",46.29,15.7167
SI,2310,Slovenska Bistrica,"","","","","","",46.3928,15.5744
SI,2311,Hoče,"","","","","","",46.4918,15.6231
SI,2312,Orehova vas,"","","","","","",46.4701,15.6686
SI,2313,Fram,"","","","","","",46.4506,15.6322
SI,2314,Zgornja Polskava,"","","","","","",46.4256,15.6122
SI,2315,Šmartno na Pohorju,"","","","","","",46.4442,15.5394
SI,2316,Zgornja Ložnica,"","","","","","",46.3833,15.5167
SI,2317,Oplotnica,"","","","","","",46.3878,15.4467
SI,2318,Laporje,"","","","","","",46.3467,15.5947
SI,2319,Poljčane,"","","","","","",46.3119,15.5792
SI,2321,Makole,"","","","","","",46.3172,15.6672
SI,2322,Majšperk,"","","","","","",46.3517,15.7336
SI,2323,Ptujska Gora,"","","","","","",46.355,15.76
SI,2324,Lovrenc na Dravskem polju,"","","","","","",46.3736,15.7792
SI,2325,Kidričevo,"","","","","","",46.4036,15.7911
SI,2326,Cirkovce,"","","","","","",46.3999,15.7312
SI,2327,Rače,"","","","","","",46.4519,15.6814
SI,2331,Pragersko,"","","","","","",46.3967,15.66
SI,2341,Limbuš,"","","","","","",46.5536,15.5836
SI,2342,Ruše,"","","","","","",46.5394,15.5158
SI,2343,Fala,"","","","","","",46.5439,15.4472
SI,2344,Lovrenc na Pohorju,"","","","","","",46.5406,15.3931
SI,2345,Bistrica ob Dravi,"","","","","","",46.5572,15.5144
SI,2351,Kamnica,"","","","","","",46.5744,15.6142
SI,2352,Selnica ob Dravi,"","","","","","",46.55,15.495
SI,2353,Sv. Duh na Ostrem Vrhu,"","","","","","",46.5647,15.5614
SI,2354,Bresternica,"","","","","","",46.5697,15.575
SI,2360,Radlje ob Dravi,"","","","","","",46.6142,15.2264
SI,2361,Ožbalt,"","","","","","",46.5869,15.3989
SI,2362,Kapla,"","","","","","",46.2483,15.0094
SI,2363,Podvelka,"","","","","","",46.5869,15.3306
SI,2364,Ribnica na Pohorju,"","","","","","",46.535,15.2728
SI,2365,Vuhred,"","","","","","",46.5947,15.2375
SI,2366,Muta,"","","","","","",46.6114,15.1661
SI,2367,Vuzenica,"","","","","","",46.5964,15.1672
SI,2370,Dravograd,"","","","","","",46.5881,15.0192
SI,2371,Trbonje,"","","","","","",46.6028,15.1075
SI,2372,Libeliče,"","","","","","",46.62,14.9497
SI,2373,Šentjanž pri Dravogradu,"","","","","","",46.5611,15.0389
SI,2380,Slovenj Gradec,"","","","","","",46.5103,15.0806
SI,2381,Podgorje pri Slovenj Gradcu,"","","","","","",46.4719,15.0836
SI,2382,Mislinja,"","","","","","",46.4411,15.1956
SI,2383,Šmartno pri Slovenj Gradcu,"","","","","","",46.4894,15.1067
SI,2390,Ravne na Koroškem,"","","","","","",46.5431,14.9692
SI,2391,Prevalje,"","","","","","",46.5469,14.9208
SI,2392,Mežica,"","","","","","",46.5214,14.8544
SI,2393,Črna na Koroškem,"","","","","","",46.4705,14.8501
SI,2394,Kotlje,"","","","","","",46.5214,14.9869
SI,2500,Maribor,"","","","","","",46.5547,15.6467
SI,2501,Maribor,"","","","","","",46.5547,15.6467
SI,2502,Maribor,"","","","","","",46.5547,15.6467
SI,2503,Maribor,"","","","","","",46.5547,15.6467
SI,2504,Maribor,"","","","","","",46.5547,15.6467
SI,2505,Maribor,"","","","","","",46.5547,15.6467
SI,2506,Maribor,"","","","","","",46.5547,15.6467
SI,2507,Maribor,"","","","","","",46.5547,15.6467
SI,2509,Maribor,"","","","","","",46.5547,15.6467
SI,2600,Maribor,"","","","","","",46.5547,15.6467
SI,2603,Maribor,"","","","","","",46.5547,15.6467
SI,2609,Maribor,"","","","","","",46.5547,15.6467
SI,2610,Maribor,"","","","","","",46.5547,15.6467
SI,3000,Celje - dostava,"","","","","","",45.5916,14.1546
SI,3001,Celje - poštni predali,"","","","","","",45.5916,14.1546
SI,3201,Šmartno v Rožni dolini,"","","","","","",46.2945,15.2431
SI,3202,Ljubečna,"","","","","","",46.2417,15.3208
SI,3203,Nova Cerkev,"","","","","","",46.3128,15.2856
SI,3204,Dobrna,"","","","","","",46.3375,15.2264
SI,3205,Vitanje,"","","","","","",46.3817,15.2958
SI,3206,Stranice,"","","","","","",46.3636,15.3653
SI,3210,Slovenske Konjice,"","","","","","",46.3367,15.4258
SI,3211,Škofja vas,"","","","","","",46.2679,15.2912
SI,3212,Vojnik,"","","","","","",46.2933,15.3033
SI,3213,Frankolovo,"","","","","","",46.3306,15.3144
SI,3214,Zreče,"","","","","","",46.3822,15.3792
SI,3215,Loče,"","","","","","",46.283,15.258
SI,3220,Štore,"","","","","","",46.2208,15.3139
SI,3221,Teharje,"","","","","","",46.2303,15.3022
SI,3222,Dramlje,"","","","","","",46.2736,15.3947
SI,3223,Loka pri Žusmu,"","","","","","",46.1575,15.5147
SI,3224,Dobje pri Planini,"","","","","","",46.1367,15.4089
SI,3225,Planina pri Sevnici,"","","","","","",46.1114,15.4094
SI,3230,Šentjur,"","","","","","",46.2172,15.3975
SI,3231,Grobelno,"","","","","","",46.2117,15.4447
SI,3232,Ponikva,"","","","","","",46.241,15.4567
SI,3233,Kalobje,"","","","","","",46.1672,15.3944
SI,3240,Šmarje pri Jelšah,"","","","","","",46.2272,15.5192
SI,3241,Podplat,"","","","","","",46.2461,15.5764
SI,3250,Rogaška Slatina,"","","","","","",46.2375,15.6397
SI,3252,Rogatec,"","","","","","",46.2294,15.7003
SI,3253,Pristava pri Mestinju,"","","","","","",46.1967,15.5961
SI,3254,Podčetrtek,"","","","","","",46.1569,15.5986
SI,3255,Buče,"","","","","","",46.1079,15.5701
SI,3256,Bistrica ob Sotli,"","","","","","",46.0589,15.6642
SI,3257,Podsreda,"","","","","","",46.0414,15.5906
SI,3260,Kozje,"","","","","","",46.075,15.5603
SI,3261,Lesično,"","","","","","",46.1025,15.5142
SI,3262,Prevorje,"","","","","","",46.1255,15.4774
SI,3263,Gorica pri Slivnici,"","","","","","",46.1872,15.4325
SI,3264,Sveti Štefan,"","","","","","",46.1862,15.4933
SI,3270,Laško,"","","","","","",46.1546,15.2355
SI,3271,Šentrupert,"","","","","","",46.1714,15.3494
SI,3272,Rimske Toplice,"","","","","","",46.1226,15.1919
SI,3273,Jurklošter,"","","","","","",46.0917,15.3367
SI,3301,Petrovče,"","","","","","",46.2417,15.19
SI,3302,Griže,"","","","","","",46.2294,15.1506
SI,3303,Gomilsko,"","","","","","",46.2528,15.0422
SI,3304,Tabor,"","","","","","",46.2361,15.0183
SI,3305,Vransko,"","","","","","",46.2439,14.9514
SI,3310,Žalec,"","","","","","",46.2515,15.1648
SI,3311,Šempeter v Savinjski dolini,"","","","","","",46.2654,15.0907
SI,3312,Prebold,"","","","","","",46.2369,15.0925
SI,3313,Polzela,"","","","","","",46.2833,15.0667
SI,3314,Braslovče,"","","","","","",46.2897,15.0389
SI,3320,Velenje - dostava,"","","","","","",46.3712,15.0345
SI,3322,Velenje - poštni predali,"","","","","","",46.3712,15.0345
SI,3325,Šoštanj,"","","","","","",46.38,15.0486
SI,3326,Topolšica,"","","","","","",46.4003,15.0216
SI,3327,Šmartno ob Paki,"","","","","","",46.3333,15.0333
SI,3330,Mozirje,"","","","","","",46.3394,14.9633
SI,3331,Nazarje,"","","","","","",46.3176,14.9467
SI,3332,Rečica ob Savinji,"","","","","","",46.3167,14.9167
SI,3333,Ljubno ob Savinji,"","","","","","",46.3436,14.8338
SI,3334,Luče,"","","","","","",46.3561,14.7467
SI,3335,Solčava,"","","","","","",46.4194,14.6936
SI,3341,Šmartno ob Dreti,"","","","","","",46.2839,14.8903
SI,3342,Gornji Grad,"","","","","","",46.2953,14.8083
SI,3502,Celje,"","","","","","",46.2309,15.2604
SI,3503,Velenje,"","","","","","",46.3592,15.1103
SI,3504,Velenje,"","","","","","",46.3592,15.1103
SI,3505,Celje,"","","","","","",46.2309,15.2604
SI,3600,Celje,"","","","","","",46.2309,15.2604
SI,4000,Kranj - dostava,"","","","","","",46.2389,14.3556
SI,4001,Kranj - poštni predali,"","","","","","",46.2389,14.3556
SI,4201,Zgornja Besnica,"","","","","","",46.2667,14.2833
SI,4202,Naklo,"","","","","","",46.2728,14.3172
SI,4203,Duplje,"","","","","","",46.2821,14.3831
SI,4204,Golnik,"","","","","","",46.3333,14.3333
SI,4205,Preddvor,"","","","","","",46.3025,14.4231
SI,4206,Zgornje Jezersko,"","","","","","",46.3833,14.4667
SI,4207,Cerklje na Gorenjskem,"","","","","","",46.2542,14.4886
SI,4208,Šenčur,"","","","","","",46.2456,14.4197
SI,4209,Žabnica,"","","","","","",46.1986,14.3331
SI,4210,Brnik aerodrom,"","","","","","",46.2264,14.4064
SI,4211,Mavčiče,"","","","","","",46.1818,14.3948
SI,4212,Visoko,"","","","","","",46.2711,14.4181
SI,4220,Škofja Loka,"","","","","","",46.1655,14.3063
SI,4223,Poljane nad Škofjo Loko,"","","","","","",46.121,14.1862
SI,4224,Gorenja vas,"","","","","","",46.1667,14.15
SI,4225,Sovodenj,"","","","","","",46.0864,14.0436
SI,4226,Žiri,"","","","","","",46.0422,14.1072
SI,4227,Selca,"","","","","","",46.2244,14.2056
SI,4228,Železniki,"","","","","","",46.2333,14.1667
SI,4229,Sorica,"","","","","","",46.2167,14.0333
SI,4240,Radovljica,"","","","","","",46.3444,14.1744
SI,4243,Brezje,"","","","","","",46.329,14.2323
SI,4244,Podnart,"","","","","","",46.2952,14.2557
SI,4245,Kropa,"","","","","","",46.3,14.2
SI,4246,Kamna Gorica,"","","","","","",46.3167,14.2
SI,4247,Zgornje Gorje,"","","","","","",46.3796,14.0694
SI,4248,Lesce,"","","","","","",46.3611,14.1578
SI,4260,Bled,"","","","","","",46.3692,14.1136
SI,4263,Bohinjska Bela,"","","","","","",46.3489,14.0639
SI,4264,Bohinjska Bistrica,"","","","","","",46.2722,13.9535
SI,4265,Bohinjsko jezero,"","","","","","",46.3218,14.0141
SI,4267,Srednja vas v Bohinju,"","","","","","",46.297,13.9256
SI,4270,Jesenice,"","","","","","",46.4306,14.0669
SI,4273,Blejska Dobrava,"","","","","","",46.4,14.1
SI,4274,Žirovnica,"","","","","","",46.4047,14.14
SI,4275,Begunje na Gorenjskem,"","","","","","",46.3833,14.2167
SI,4276,Hrušica,"","","","","","",46.445,14.0178
SI,4280,Kranjska Gora,"","","","","","",46.4839,13.7894
SI,4281,Mojstrana,"","","","","","",46.4611,13.9369
SI,4282,Gozd Martuljek,"","","","","","",46.4833,13.8333
SI,4283,Rateče-Planica,"","","","","","",46.4761,13.8532
SI,4290,Tržič,"","","","","","",46.3636,14.3105
SI,4294,Križe,"","","","","","",46.3428,14.3014
SI,4501,Naklo,"","","","","","",46.2728,14.3172
SI,4502,Kranj,"","","","","","",46.2389,14.3556
SI,4600,Kranj,"","","","","","",46.2389,14.3556
SI,5000,Nova Gorica - dostava,"","","","","","",45.958,13.6469
SI,5001,Nova Gorica - poštni predali,"","","","","","",45.9431,13.6393
SI,5210,Deskle,"","","","","","",46.0531,13.6138
SI,5211,Kojsko,"","","","","","",46.0092,13.5797
SI,5212,Dobrovo v Brdih,"","","","","","",45.9964,13.5264
SI,5213,Kanal,"","","","","","",46.0886,13.6397
SI,5214,Kal nad Kanalom,"","","","","","",46.0833,13.7403
SI,5215,Ročinj,"","","","","","",46.1128,13.67
SI,5216,Most na Soči,"","","","","","",46.1469,13.7389
SI,5220,Tolmin,"","","","","","",46.183,13.7332
SI,5222,Kobarid,"","","","","","",46.2481,13.5772
SI,5223,Breginj,"","","","","","",46.2647,13.4278
SI,5224,Srpenica,"","","","","","",46.2917,13.4988
SI,5230,Bovec,"","","","","","",46.3375,13.5528
SI,5231,Log pod Mangartom,"","","","","","",46.4019,13.5969
SI,5232,Soča,"","","","","","",46.3433,13.6564
SI,5242,Grahovo ob Bači,"","","","","","",46.1539,13.8619
SI,5243,Podbrdo,"","","","","","",46.21,13.9644
SI,5250,Solkan,"","","","","","",45.9714,13.6494
SI,5251,Grgar,"","","","","","",45.9986,13.6739
SI,5252,Trnovo pri Gorici,"","","","","","",45.9742,13.7433
SI,5253,Čepovan,"","","","","","",46.0494,13.7969
SI,5261,Šempas,"","","","","","",45.9303,13.7436
SI,5262,Črniče,"","","","","","",45.9106,13.7767
SI,5263,Dobravlje,"","","","","","",45.8839,13.8453
SI,5270,Ajdovščina,"","","","","","",45.886,13.9095
SI,5271,Vipava,"","","","","","",45.8467,13.9631
SI,5272,Podnanos,"","","","","","",45.7969,13.9714
SI,5273,Col,"","","","","","",45.8758,14.005
SI,5274,Črni Vrh nad Idrijo,"","","","","","",45.8726,13.9885
SI,5275,Godovič,"","","","","","",45.9578,14.0936
SI,5280,Idrija,"","","","","","",46.0028,14.0306
SI,5281,Spodnja Idrija,"","","","","","",46.0319,14.0272
SI,5282,Cerkno,"","","","","","",46.1256,13.9817
SI,5283,Slap ob Idrijci,"","","","","","",46.1233,13.8047
SI,5290,Šempeter pri Gorici,"","","","","","",45.9275,13.6411
SI,5291,Miren,"","","","","","",45.8956,13.6075
SI,5292,Renče,"","","","","","",45.89,13.6686
SI,5293,Volčja Draga,"","","","","","",45.9069,13.6775
SI,5294,Dornberk,"","","","","","",45.8897,13.7369
SI,5295,Branik,"","","","","","",45.8572,13.7842
SI,5296,Kostanjevica na Krasu,"","","","","","",45.845,13.6417
SI,5297,Prvačina,"","","","","","",45.89,13.7181
SI,5600,Nova Gorica,"","","","","","",45.956,13.6484
SI,6000,Koper/Capodistria - dostava,"","","","","","",45.5538,13.7439
SI,6001,Koper/Capodistria - poštni predali,"","","","","","",45.5472,13.7258
SI,6210,Sežana,"","","","","","",45.7092,13.8733
SI,6215,Divača,"","","","","","",45.6847,13.9703
SI,6216,Podgorje,"","","","","","",45.5292,13.9528
SI,6217,Vremski Britof,"","","","","","",45.6571,14.0301
SI,6219,Lokev,"","","","","","",45.6611,13.9281
SI,6221,Dutovlje,"","","","","","",45.7581,13.8322
SI,6222,Štanjel,"","","","","","",45.8233,13.8436
SI,6223,Komen,"","","","","","",45.8153,13.7483
SI,6224,Senožeče,"","","","","","",45.7211,14.0411
SI,6225,Hruševje,"","","","","","",45.7606,14.1064
SI,6230,Postojna,"","","","","","",45.7769,14.2167
SI,6232,Planina,"","","","","","",45.8339,14.2561
SI,6240,Kozina,"","","","","","",45.61,13.9356
SI,6242,Materija,"","","","","","",45.5814,13.9967
SI,6243,Obrov,"","","","","","",45.5425,14.0869
SI,6244,Podgrad,"","","","","","",45.5217,14.1461
SI,6250,Ilirska Bistrica,"","","","","","",45.5697,14.2408
SI,6251,Ilirska Bistrica-Trnovo,"","","","","","",45.6192,14.2205
SI,6253,Knežak,"","","","","","",45.6245,14.2448
SI,6254,Jelšane,"","","","","","",45.5028,14.2717
SI,6255,Prem,"","","","","","",45.6048,14.1834
SI,6256,Košana,"","","","","","",45.6192,14.2205
SI,6257,Pivka,"","","","","","",45.6829,14.1959
SI,6258,Prestranek,"","","","","","",45.7303,14.1862
SI,6271,Dekani,"","","","","","",45.5497,13.8136
SI,6272,Gračišče,"","","","","","",45.505,13.8769
SI,6273,Marezige,"","","","","","",45.5097,13.8031
SI,6274,Šmarje,"","","","","","",45.5014,13.7178
SI,6275,Črni Kal,"","","","","","",45.55,13.88
SI,6276,Pobegi,"","","","","","",45.5394,13.7961
SI,6280,Ankaran/Ancarano,"","","","","","",45.5664,13.7994
SI,6281,Škofije,"","","","","","",45.5664,13.7994
SI,6310,Izola/Isola,"","","","","","",45.4955,13.6077
SI,6320,Portorož/Portorose,"","","","","","",45.5143,13.5921
SI,6323,Strunjan/Strugnano (sezonska pošta),"","","","","","",45.5143,13.5921
SI,6330,Piran/Pirano,"","","","","","",45.4767,13.6233
SI,6333,Sečovlje/Sicciole,"","","","","","",45.4767,13.6233
SI,6501,Koper,"","","","","","",45.5469,13.7294
SI,6502,Koper,"","","","","","",45.5469,13.7294
SI,6503,Koper,"","","","","","",45.5469,13.7294
SI,6504,Koper,"","","","","","",45.5469,13.7294
SI,6505,Koper,"","","","","","",45.5469,13.7294
SI,6600,Koper,"","","","","","",45.5469,13.7294
SI,8000,Novo mesto - dostava,"","","","","","",45.8363,15.1899
SI,8001,Novo mesto - poštni predali,"","","","","","",45.8296,15.1997
SI,8210,Trebnje,"","","","","","",45.9042,15.0217
SI,8211,Dobrnič,"","","","","","",45.875,14.98
SI,8212,Velika Loka,"","","","","","",45.9289,14.9678
SI,8213,Veliki Gaber,"","","","","","",45.9338,14.9071
SI,8216,Mirna Peč,"","","","","","",45.8603,15.0833
SI,8220,Šmarješke Toplice,"","","","","","",45.8624,15.2219
SI,8222,Otočec,"","","","","","",45.8675,15.2733
SI,8230,Mokronog,"","","","","","",45.9342,15.1408
SI,8231,Trebelno,"","","","","","",45.9167,15.15
SI,8232,Šentrupert,"","","","","","",45.9778,15.0956
SI,8233,Mirna,"","","","","","",45.9553,15.0619
SI,8250,Brežice,"","","","","","",45.9033,15.5911
SI,8251,Čatež ob Savi,"","","","","","",45.8894,15.6025
SI,8253,Artiče,"","","","","","",45.9539,15.5878
SI,8254,Globoko,"","","","","","",45.955,15.6286
SI,8255,Pišece,"","","","","","",46.0017,15.6411
SI,8256,Sromlje,"","","","","","",45.9833,15.6
SI,8257,Dobova,"","","","","","",45.8972,15.6637
SI,8258,Kapele,"","","","","","",45.9333,15.6833
SI,8259,Bizeljsko,"","","","","","",46.0133,15.6967
SI,8261,Jesenice na Dolenjskem,"","","","","","",45.8917,15.5397
SI,8262,Krška vas,"","","","","","",45.9,15.5667
SI,8263,Cerklje ob Krki,"","","","","","",45.8834,15.5128
SI,8270,Krško,"","","","","","",45.9591,15.4917
SI,8272,Zdole,"","","","","","",45.9772,15.5458
SI,8273,Leskovec pri Krškem,"","","","","","",45.9357,15.4718
SI,8274,Raka,"","","","","","",45.9297,15.3842
SI,8275,Škocjan,"","","","","","",45.9067,15.2914
SI,8276,Bučka,"","","","","","",45.9333,15.3167
SI,8280,Brestanica,"","","","","","",45.9953,15.4775
SI,8281,Senovo,"","","","","","",46.0236,15.4769
SI,8282,Koprivnica,"","","","","","",46.0353,15.5403
SI,8283,Blanca,"","","","","","",45.9833,15.4
SI,8290,Sevnica,"","","","","","",46.0078,15.3156
SI,8292,Zabukovje,"","","","","","",46.055,15.3675
SI,8293,Studenec,"","","","","","",45.9667,15.35
SI,8294,Boštanj,"","","","","","",46.0144,15.2825
SI,8295,Tržišče,"","","","","","",45.9589,15.1972
SI,8296,Krmelj,"","","","","","",45.9847,15.1894
SI,8297,Šentjanž,"","","","","","",46.0114,15.1672
SI,8310,Šentjernej,"","","","","","",45.84,15.3361
SI,8311,Kostanjevica na Krki,"","","","","","",45.8461,15.4222
SI,8312,Podbočje,"","","","","","",45.8667,15.4667
SI,8321,Brusnice,"","","","","","",45.7514,15.1715
SI,8322,Stopiče,"","","","","","",45.7694,15.2097
SI,8323,Uršna sela,"","","","","","",45.7333,15.1333
SI,8330,Metlika,"","","","","","",45.6472,15.3142
SI,8331,Suhor,"","","","","","",45.5296,14.8708
SI,8332,Gradac,"","","","","","",45.6167,15.25
SI,8333,Semič,"","","","","","",45.6461,15.1822
SI,8340,Črnomelj,"","","","","","",45.5711,15.1889
SI,8341,Adlešiči,"","","","","","",45.5222,15.3065
SI,8342,Stari trg ob Kolpi,"","","","","","",45.4936,15.0772
SI,8343,Dragatuš,"","","","","","",45.5208,15.1756
SI,8344,Vinica,"","","","","","",45.4601,15.254
SI,8350,Dolenjske Toplice,"","","","","","",45.7566,15.0592
SI,8351,Straža,"","","","","","",45.78,15.0728
SI,8360,Žužemberk,"","","","","","",45.8339,14.9292
SI,8361,Dvor,"","","","","","",45.8139,14.9711
SI,8362,Hinje,"","","","","","",45.7656,14.8822
SI,8501,Novo mesto,"","","","","","",45.804,15.1689
SI,8600,Novo mesto,"","","","","","",45.804,15.1689
SI,9000,Murska Sobota - dostava,"","","","","","",46.6586,16.162
SI,9001,Murska Sobota - poštni predali,"","","","","","",46.6612,16.1651
SI,9201,Puconci,"","","","","","",46.7067,16.1564
SI,9202,Mačkovci,"","","","","","",46.7814,16.1689
SI,9203,Petrovci,"","","","","","",46.8053,16.2225
SI,9204,Šalovci,"","","","","","",46.825,16.2981
SI,9205,Hodoš/Hodos,"","","","","","",46.7688,16.2396
SI,9206,Križevci,"","","","","","",46.7889,16.2469
SI,9207,Prosenjakovci/Partosfalva,"","","","","","",46.7408,16.3175
SI,9208,Fokovci,"","","","","","",46.7333,16.2667
SI,9220,Lendava/Lendva,"","","","","","",46.655,16.2946
SI,9221,Martjanci,"","","","","","",46.6864,16.1978
SI,9222,Bogojina,"","","","","","",46.6761,16.2839
SI,9223,Dobrovnik/Dobronak,"","","","","","",46.655,16.2946
SI,9224,Turnišče,"","","","","","",46.6278,16.3203
SI,9225,Velika Polana,"","","","","","",46.5719,16.3469
SI,9226,Moravske Toplice,"","","","","","",46.6831,16.2208
SI,9227,Kobilje,"","","","","","",46.6847,16.3978
SI,9231,Beltinci,"","","","","","",46.6053,16.2406
SI,9232,Črenšovci,"","","","","","",46.5744,16.2906
SI,9233,Odranci,"","","","","","",46.5867,16.2803
SI,9240,Ljutomer,"","","","","","",46.5208,16.1975
SI,9241,Veržej,"","","","","","",46.5836,16.1653
SI,9242,Križevci pri Ljutomeru,"","","","","","",46.5683,16.1386
SI,9243,Mala Nedelja,"","","","","","",46.5289,16.0558
SI,9244,Sv. Jurij ob Ščavnici,"","","","","","",46.5594,16.1077
SI,9245,Spodnji Ivanjci,"","","","","","",46.5956,15.9814
SI,9250,Gornja Radgona,"","","","","","",46.6733,15.9922
SI,9251,Tišina,"","","","","","",46.6836,16.0525
SI,9252,Radenci,"","","","","","",46.642,16.0378
SI,9253,Apače,"","","","","","",46.6972,15.9106
SI,9261,Cankova,"","","","","","",46.7208,16.0225
SI,9262,Rogašovci,"","","","","","",46.8,16.0333
SI,9263,Kuzma,"","","","","","",46.8369,16.0833
SI,9264,Grad,"","","","","","",46.8,16.1
SI,9265,Bodonci,"","","","","","",46.7442,16.0922
SI,9501,Murska Sobota,"","","","","","",46.6625,16.1664
SI,9502,Radenci,"","","","","","",46.642,16.0378
SI,9600,Murska Sobota,"","","","","","",46.6625,16.1664
