[
  {
    "country_code": "GL",
    "zipcode": "2412",
    "place": "Santa Claus/Julemanden",
    "state": "",
    "state_code": "",
    "province": "",
    "province_code": "",
    "community": "",
    "community_code": "",
    "latitude": "90",
    "longitude": "0"
  },
  {
    "country_code": "GL",
    "zipcode": "3900",
    "place": "Nuuk",
    "state": "",
    "state_code": "",
    "province": "",
    "province_code": "",
    "community": "",
    "community_code": "",
    "latitude": "64.1738",
    "longitude": "-51.7384"
  },
  {
    "country_code": "GL",
    "zipcode": "3905",
    "place": "Nuussuaq",
    "state": "",
    "state_code": "",
    "province": "",
    "province_code": "",
    "community": "",
    "community_code": "",
    "latitude": "74.1167",
    "longitude": "-57.0667"
  },
  {
    "country_code": "GL",
    "zipcode": "3910",
    "place": "Kangerlussuaq",
    "state": "",
    "state_code": "",
    "province": "",
    "province_code": "",
    "community": "",
    "community_code": "",
    "latitude": "67.0088",
    "longitude": "-50.6894"
  },
  {
    "country_code": "GL",
    "zipcode": "3911",
    "place": "Sisimiut",
    "state": "",
    "state_code": "",
    "province": "",
    "province_code": "",
    "community": "",
    "community_code": "",
    "latitude": "66.9333",
    "longitude": "-53.6833"
  },
  {
    "country_code": "GL",
    "zipcode": "3912",
    "place": "Maniitsoq",
    "state": "",
    "state_code": "",
    "province": "",
    "province_code": "",
    "community": "",
    "community_code": "",
    "latitude": "65.4167",
    "longitude": "-52.9"
  },
  {
    "country_code": "GL",
    "zipcode": "3913",
    "place": "Tasiilaq",
    "state": "",
    "state_code": "",
    "province": "",
    "province_code": "",
    "community": "",
    "community_code": "",
    "latitude": "65.6",
    "longitude": "-37.6333"
  },
  {
    "country_code": "GL",
    "zipcode": "3915",
    "place": "Kulusuk",
    "state": "",
    "state_code": "",
    "province": "",
    "province_code": "",
    "community": "",
    "community_code": "",
    "latitude": "65.5667",
    "longitude": "-37.1833"
  },
  {
    "country_code": "GL",
    "zipcode": "3919",
    "place": "Alluitsup Paa",
    "state": "",
    "state_code": "",
    "province": "",
    "province_code": "",
    "community": "",
    "community_code": "",
    "latitude": "60.45",
    "longitude": "-45.55"
  },
  {
    "country_code": "GL",
    "zipcode": "3920",
    "place": "Qaqortoq",
    "state": "",
    "state_code": "",
    "province": "",
    "province_code": "",
    "community": "",
    "community_code": "",
    "latitude": "60.7167",
    "longitude": "-46.0333"
  },
  {
    "country_code": "GL",
    "zipcode": "3921",
    "place": "Narsaq",
    "state": "",
    "state_code": "",
    "province": "",
    "province_code": "",
    "community": "",
    "community_code": "",
    "latitude": "60.9167",
    "longitude": "-46.05"
  },
  {
    "country_code": "GL",
    "zipcode": "3922",
    "place": "Nanortalik",
    "state": "",
    "state_code": "",
    "province": "",
    "province_code": "",
    "community": "",
    "community_code": "",
    "latitude": "60.1167",
    "longitude": "-45.2167"
  },
  {
    "country_code": "GL",
    "zipcode": "3923",
    "place": "Narsarsuaq",
    "state": "",
    "state_code": "",
    "province": "",
    "province_code": "",
    "community": "",
    "community_code": "",
    "latitude": "61.1667",
    "longitude": "-45.4167"
  },
  {
    "country_code": "GL",
    "zipcode": "3924",
    "place": "Ikerasassuaq",
    "state": "",
    "state_code": "",
    "province": "",
    "province_code": "",
    "community": "",
    "community_code": "",
    "latitude": "60.05",
    "longitude": "-43.1667"
  },
  {
    "country_code": "GL",
    "zipcode": "3930",
    "place": "Kangilinnguit",
    "state": "",
    "state_code": "",
    "province": "",
    "province_code": "",
    "community": "",
    "community_code": "",
    "latitude": "61.23",
    "longitude": "-48.09"
  },
  {
    "country_code": "GL",
    "zipcode": "3932",
    "place": "Arsuk",
    "state": "",
    "state_code": "",
    "province": "",
    "province_code": "",
    "community": "",
    "community_code": "",
    "latitude": "61.1667",
    "longitude": "-48.45"
  },
  {
    "country_code": "GL",
    "zipcode": "3940",
    "place": "Paamiut",
    "state": "",
    "state_code": "",
    "province": "",
    "province_code": "",
    "community": "",
    "community_code": "",
    "latitude": "62",
    "longitude": "-49.75"
  },
  {
    "country_code": "GL",
    "zipcode": "3950",
    "place": "Aasiaat",
    "state": "",
    "state_code": "",
    "province": "",
    "province_code": "",
    "community": "",
    "community_code": "",
    "latitude": "68.7167",
    "longitude": "-52.8667"
  },
  {
    "country_code": "GL",
    "zipcode": "3951",
    "place": "Qasigiannguit",
    "state": "",
    "state_code": "",
    "province": "",
    "province_code": "",
    "community": "",
    "community_code": "",
    "latitude": "68.8167",
    "longitude": "-51.1833"
  },
  {
    "country_code": "GL",
    "zipcode": "3952",
    "place": "Ilulissat",
    "state": "",
    "state_code": "",
    "province": "",
    "province_code": "",
    "community": "",
    "community_code": "",
    "latitude": "69.2167",
    "longitude": "-51.1"
  },
  {
    "country_code": "GL",
    "zipcode": "3953",
    "place": "Qeqertarsuaq",
    "state": "",
    "state_code": "",
    "province": "",
    "province_code": "",
    "community": "",
    "community_code": "",
    "latitude": "62.1167",
    "longitude": "-49.7833"
  },
  {
    "country_code": "GL",
    "zipcode": "3955",
    "place": "Kangaatsiaq",
    "state": "",
    "state_code": "",
    "province": "",
    "province_code": "",
    "community": "",
    "community_code": "",
    "latitude": "68.3",
    "longitude": "-53.4667"
  },
  {
    "country_code": "GL",
    "zipcode": "3961",
    "place": "Uummannaq",
    "state": "",
    "state_code": "",
    "province": "",
    "province_code": "",
    "community": "",
    "community_code": "",
    "latitude": "70.6747",
    "longitude": "-52.1264"
  },
  {
    "country_code": "GL",
    "zipcode": "3962",
    "place": "Upernavik",
    "state": "",
    "state_code": "",
    "province": "",
    "province_code": "",
    "community": "",
    "community_code": "",
    "latitude": "72.7833",
    "longitude": "-56.1667"
  },
  {
    "country_code": "GL",
    "zipcode": "3964",
    "place": "Qaarsut",
    "state": "",
    "state_code": "",
    "province": "",
    "province_code": "",
    "community": "",
    "community_code": "",
    "latitude": "70.7333",
    "longitude": "-52.65"
  },
  {
    "country_code": "GL",
    "zipcode": "3970",
    "place": "Pituffik",
    "state": "",
    "state_code": "",
    "province": "",
    "province_code": "",
    "community": "",
    "community_code": "",
    "latitude": "76.5478",
    "longitude": "-68.8428"
  },
  {
    "country_code": "GL",
    "zipcode": "3971",
    "place": "Qaanaaq",
    "state": "",
    "state_code": "",
    "province": "",
    "province_code": "",
    "community": "",
    "community_code": "",
    "latitude": "77.4894",
    "longitude": "-69.3322"
  },
  {
    "country_code": "GL",
    "zipcode": "3972",
    "place": "Station Nord",
    "state": "",
    "state_code": "",
    "province": "",
    "province_code": "",
    "community": "",
    "community_code": "",
    "latitude": "77.0186",
    "longitude": "-69.0875"
  },
  {
    "country_code": "GL",
    "zipcode": "3980",
    "place": "Ittoqqortoormiit",
    "state": "",
    "state_code": "",
    "province": "",
    "province_code": "",
    "community": "",
    "community_code": "",
    "latitude": "70.4846",
    "longitude": "-21.9622"
  },
  {
    "country_code": "GL",
    "zipcode": "3982",
    "place": "Mestervi",
    "state": "",
    "state_code": "",
    "province": "",
    "province_code": "",
    "community": "",
    "community_code": "",
    "latitude": "72.6754",
    "longitude": "-21.0735"
  },
  {
    "country_code": "GL",
    "zipcode": "3984",
    "place": "Danmarkshavn",
    "state": "",
    "state_code": "",
    "province": "",
    "province_code": "",
    "community": "",
    "community_code": "",
    "latitude": "76.8",
    "longitude": "-18.6"
  },
  {
    "country_code": "GL",
    "zipcode": "3985",
    "place": "Constable Pynt",
    "state": "",
    "state_code": "",
    "province": "",
    "province_code": "",
    "community": "",
    "community_code": "",
    "latitude": "70.7417",
    "longitude": "-22.6583"
  },
  {
    "country_code": "GL",
    "zipcode": "3992",
    "place": "Slædepatruljen Sirius",
    "state": "",
    "state_code": "",
    "province": "",
    "province_code": "",
    "community": "",
    "community_code": "",
    "latitude": "67.2561",
    "longitude": "-48.0617"
  }
]
