[
  {
    "country_code": "MK",
    "zipcode": "1000",
    "place": "Skopje",
    "state": "",
    "state_code": "",
    "province": "",
    "province_code": "",
    "community": "",
    "community_code": "",
    "latitude": "42",
    "longitude": "21.4333"
  },
  {
    "country_code": "MK",
    "zipcode": "1010",
    "place": "Skopje",
    "state": "",
    "state_code": "",
    "province": "",
    "province_code": "",
    "community": "",
    "community_code": "",
    "latitude": "42",
    "longitude": "21.4333"
  },
  {
    "country_code": "MK",
    "zipcode": "1011",
    "place": "Kuceviste",
    "state": "",
    "state_code": "",
    "province": "",
    "province_code": "",
    "community": "",
    "community_code": "",
    "latitude": "42.1097",
    "longitude": "21.4181"
  },
  {
    "country_code": "MK",
    "zipcode": "1020",
    "place": "Skopje-Karpos 3",
    "state": "",
    "state_code": "",
    "province": "",
    "province_code": "",
    "community": "",
    "community_code": "",
    "latitude": "41.9367",
    "longitude": "21.5217"
  },
  {
    "country_code": "MK",
    "zipcode": "1040",
    "place": "Skopje",
    "state": "",
    "state_code": "",
    "province": "",
    "province_code": "",
    "community": "",
    "community_code": "",
    "latitude": "42",
    "longitude": "21.4333"
  },
  {
    "country_code": "MK",
    "zipcode": "1041",
    "place": "Ilinden",
    "state": "",
    "state_code": "",
    "province": "",
    "province_code": "",
    "community": "",
    "community_code": "",
    "latitude": "41.9961",
    "longitude": "21.5822"
  },
  {
    "country_code": "MK",
    "zipcode": "1042",
    "place": "Miladinovci",
    "state": "",
    "state_code": "",
    "province": "",
    "province_code": "",
    "community": "",
    "community_code": "",
    "latitude": "41.9781",
    "longitude": "21.6494"
  },
  {
    "country_code": "MK",
    "zipcode": "1043",
    "place": "Petrovec",
    "state": "",
    "state_code": "",
    "province": "",
    "province_code": "",
    "community": "",
    "community_code": "",
    "latitude": "41.9389",
    "longitude": "21.615"
  },
  {
    "country_code": "MK",
    "zipcode": "1044",
    "place": "Katlanovo",
    "state": "",
    "state_code": "",
    "province": "",
    "province_code": "",
    "community": "",
    "community_code": "",
    "latitude": "41.8944",
    "longitude": "21.6831"
  },
  {
    "country_code": "MK",
    "zipcode": "1045",
    "place": "Aracinovo",
    "state": "",
    "state_code": "",
    "province": "",
    "province_code": "",
    "community": "",
    "community_code": "",
    "latitude": "42.0264",
    "longitude": "21.5619"
  },
  {
    "country_code": "MK",
    "zipcode": "1047",
    "place": "Jurumleri",
    "state": "",
    "state_code": "",
    "province": "",
    "province_code": "",
    "community": "",
    "community_code": "",
    "latitude": "41.9672",
    "longitude": "21.5569"
  },
  {
    "country_code": "MK",
    "zipcode": "1050",
    "place": "Skopje-Dracevo",
    "state": "",
    "state_code": "",
    "province": "",
    "province_code": "",
    "community": "",
    "community_code": "",
    "latitude": "41.9367",
    "longitude": "21.5217"
  },
  {
    "country_code": "MK",
    "zipcode": "1053",
    "place": "Zelenikovo",
    "state": "",
    "state_code": "",
    "province": "",
    "province_code": "",
    "community": "",
    "community_code": "",
    "latitude": "41.8867",
    "longitude": "21.5869"
  },
  {
    "country_code": "MK",
    "zipcode": "1054",
    "place": "Rakotnici",
    "state": "",
    "state_code": "",
    "province": "",
    "province_code": "",
    "community": "",
    "community_code": "",
    "latitude": "41.3161",
    "longitude": "21.1898"
  },
  {
    "country_code": "MK",
    "zipcode": "1060",
    "place": "Skopje-Gjorce Petrov",
    "state": "",
    "state_code": "",
    "province": "",
    "province_code": "",
    "community": "",
    "community_code": "",
    "latitude": "42.0609",
    "longitude": "21.3193"
  },
  {
    "country_code": "MK",
    "zipcode": "1062",
    "place": "Radusa",
    "state": "",
    "state_code": "",
    "province": "",
    "province_code": "",
    "community": "",
    "community_code": "",
    "latitude": "42.085",
    "longitude": "21.2106"
  },
  {
    "country_code": "MK",
    "zipcode": "1063",
    "place": "Bukovik",
    "state": "",
    "state_code": "",
    "province": "",
    "province_code": "",
    "community": "",
    "community_code": "",
    "latitude": "41.9683",
    "longitude": "21.2369"
  },
  {
    "country_code": "MK",
    "zipcode": "1200",
    "place": "Tetovo",
    "state": "",
    "state_code": "",
    "province": "",
    "province_code": "",
    "community": "",
    "community_code": "",
    "latitude": "42.0106",
    "longitude": "20.9714"
  },
  {
    "country_code": "MK",
    "zipcode": "1201",
    "place": "Mala Recica",
    "state": "",
    "state_code": "",
    "province": "",
    "province_code": "",
    "community": "",
    "community_code": "",
    "latitude": "41.9925",
    "longitude": "20.9578"
  },
  {
    "country_code": "MK",
    "zipcode": "1203",
    "place": "Nerashte",
    "state": "",
    "state_code": "",
    "province": "",
    "province_code": "",
    "community": "",
    "community_code": "",
    "latitude": "42.1067",
    "longitude": "21.1089"
  },
  {
    "country_code": "MK",
    "zipcode": "1206",
    "place": "Jazince",
    "state": "",
    "state_code": "",
    "province": "",
    "province_code": "",
    "community": "",
    "community_code": "",
    "latitude": "42.1644",
    "longitude": "21.1761"
  },
  {
    "country_code": "MK",
    "zipcode": "1211",
    "place": "Dobroste",
    "state": "",
    "state_code": "",
    "province": "",
    "province_code": "",
    "community": "",
    "community_code": "",
    "latitude": "42.1033",
    "longitude": "21.0778"
  },
  {
    "country_code": "MK",
    "zipcode": "1212",
    "place": "Dzepciste",
    "state": "",
    "state_code": "",
    "province": "",
    "province_code": "",
    "community": "",
    "community_code": "",
    "latitude": "42.0328",
    "longitude": "21"
  },
  {
    "country_code": "MK",
    "zipcode": "1213",
    "place": "Zerovjane",
    "state": "",
    "state_code": "",
    "province": "",
    "province_code": "",
    "community": "",
    "community_code": "",
    "latitude": "41.9153",
    "longitude": "20.9478"
  },
  {
    "country_code": "MK",
    "zipcode": "1214",
    "place": "Pirok",
    "state": "",
    "state_code": "",
    "province": "",
    "province_code": "",
    "community": "",
    "community_code": "",
    "latitude": "41.9108",
    "longitude": "20.9106"
  },
  {
    "country_code": "MK",
    "zipcode": "1215",
    "place": "Jegunovce",
    "state": "",
    "state_code": "",
    "province": "",
    "province_code": "",
    "community": "",
    "community_code": "",
    "latitude": "42.0736",
    "longitude": "21.1236"
  },
  {
    "country_code": "MK",
    "zipcode": "1216",
    "place": "Brvenica",
    "state": "",
    "state_code": "",
    "province": "",
    "province_code": "",
    "community": "",
    "community_code": "",
    "latitude": "41.9672",
    "longitude": "20.9808"
  },
  {
    "country_code": "MK",
    "zipcode": "1218",
    "place": "Grupcin",
    "state": "",
    "state_code": "",
    "province": "",
    "province_code": "",
    "community": "",
    "community_code": "",
    "latitude": "41.9678",
    "longitude": "21.1303"
  },
  {
    "country_code": "MK",
    "zipcode": "1219",
    "place": "Golema Recica",
    "state": "",
    "state_code": "",
    "province": "",
    "province_code": "",
    "community": "",
    "community_code": "",
    "latitude": "41.9903",
    "longitude": "20.9458"
  },
  {
    "country_code": "MK",
    "zipcode": "1220",
    "place": "Bogovinje",
    "state": "",
    "state_code": "",
    "province": "",
    "province_code": "",
    "community": "",
    "community_code": "",
    "latitude": "41.9236",
    "longitude": "20.9136"
  },
  {
    "country_code": "MK",
    "zipcode": "1221",
    "place": "Kamenjane",
    "state": "",
    "state_code": "",
    "province": "",
    "province_code": "",
    "community": "",
    "community_code": "",
    "latitude": "41.9444",
    "longitude": "20.9267"
  },
  {
    "country_code": "MK",
    "zipcode": "1224",
    "place": "Tearce",
    "state": "",
    "state_code": "",
    "province": "",
    "province_code": "",
    "community": "",
    "community_code": "",
    "latitude": "42.0744",
    "longitude": "21.0525"
  },
  {
    "country_code": "MK",
    "zipcode": "1225",
    "place": "Vratnica",
    "state": "",
    "state_code": "",
    "province": "",
    "province_code": "",
    "community": "",
    "community_code": "",
    "latitude": "42.1433",
    "longitude": "21.1169"
  },
  {
    "country_code": "MK",
    "zipcode": "1226",
    "place": "Zelino",
    "state": "",
    "state_code": "",
    "province": "",
    "province_code": "",
    "community": "",
    "community_code": "",
    "latitude": "41.9803",
    "longitude": "21.0642"
  },
  {
    "country_code": "MK",
    "zipcode": "1227",
    "place": "Celopek",
    "state": "",
    "state_code": "",
    "province": "",
    "province_code": "",
    "community": "",
    "community_code": "",
    "latitude": "41.9317",
    "longitude": "21.0133"
  },
  {
    "country_code": "MK",
    "zipcode": "1228",
    "place": "Shemshevo",
    "state": "",
    "state_code": "",
    "province": "",
    "province_code": "",
    "community": "",
    "community_code": "",
    "latitude": "42.0247",
    "longitude": "21.0797"
  },
  {
    "country_code": "MK",
    "zipcode": "1230",
    "place": "Gostivar",
    "state": "",
    "state_code": "",
    "province": "",
    "province_code": "",
    "community": "",
    "community_code": "",
    "latitude": "41.7972",
    "longitude": "20.9083"
  },
  {
    "country_code": "MK",
    "zipcode": "1231",
    "place": "Vrutok",
    "state": "",
    "state_code": "",
    "province": "",
    "province_code": "",
    "community": "",
    "community_code": "",
    "latitude": "41.7686",
    "longitude": "20.8392"
  },
  {
    "country_code": "MK",
    "zipcode": "1234",
    "place": "Debreshe",
    "state": "",
    "state_code": "",
    "province": "",
    "province_code": "",
    "community": "",
    "community_code": "",
    "latitude": "41.8159",
    "longitude": "20.8842"
  },
  {
    "country_code": "MK",
    "zipcode": "1235",
    "place": "Negotino-Gostivarsko",
    "state": "",
    "state_code": "",
    "province": "",
    "province_code": "",
    "community": "",
    "community_code": "",
    "latitude": "41.4846",
    "longitude": "22.0906"
  },
  {
    "country_code": "MK",
    "zipcode": "1236",
    "place": "Dobri Dol",
    "state": "",
    "state_code": "",
    "province": "",
    "province_code": "",
    "community": "",
    "community_code": "",
    "latitude": "41.8658",
    "longitude": "20.8875"
  },
  {
    "country_code": "MK",
    "zipcode": "1237",
    "place": "Cegrane",
    "state": "",
    "state_code": "",
    "province": "",
    "province_code": "",
    "community": "",
    "community_code": "",
    "latitude": "41.8389",
    "longitude": "20.9758"
  },
  {
    "country_code": "MK",
    "zipcode": "1238",
    "place": "Vrapciste",
    "state": "",
    "state_code": "",
    "province": "",
    "province_code": "",
    "community": "",
    "community_code": "",
    "latitude": "41.8339",
    "longitude": "20.8853"
  },
  {
    "country_code": "MK",
    "zipcode": "1239",
    "place": "Srbinovo",
    "state": "",
    "state_code": "",
    "province": "",
    "province_code": "",
    "community": "",
    "community_code": "",
    "latitude": "41.7058",
    "longitude": "20.9603"
  },
  {
    "country_code": "MK",
    "zipcode": "1250",
    "place": "Debar",
    "state": "",
    "state_code": "",
    "province": "",
    "province_code": "",
    "community": "",
    "community_code": "",
    "latitude": "41.525",
    "longitude": "20.5275"
  },
  {
    "country_code": "MK",
    "zipcode": "1254",
    "place": "Rostusa",
    "state": "",
    "state_code": "",
    "province": "",
    "province_code": "",
    "community": "",
    "community_code": "",
    "latitude": "41.61",
    "longitude": "20.6"
  },
  {
    "country_code": "MK",
    "zipcode": "1255",
    "place": "Zirovnica",
    "state": "",
    "state_code": "",
    "province": "",
    "province_code": "",
    "community": "",
    "community_code": "",
    "latitude": "41.6744",
    "longitude": "20.5858"
  },
  {
    "country_code": "MK",
    "zipcode": "1256",
    "place": "Mavrovi Anovi",
    "state": "",
    "state_code": "",
    "province": "",
    "province_code": "",
    "community": "",
    "community_code": "",
    "latitude": "41.7006",
    "longitude": "20.7556"
  },
  {
    "country_code": "MK",
    "zipcode": "1257",
    "place": "Skudrinje",
    "state": "",
    "state_code": "",
    "province": "",
    "province_code": "",
    "community": "",
    "community_code": "",
    "latitude": "41.5656",
    "longitude": "20.6094"
  },
  {
    "country_code": "MK",
    "zipcode": "1258",
    "place": "Golem Papradnik",
    "state": "",
    "state_code": "",
    "province": "",
    "province_code": "",
    "community": "",
    "community_code": "",
    "latitude": "41.4767",
    "longitude": "20.5444"
  },
  {
    "country_code": "MK",
    "zipcode": "1300",
    "place": "Kumanovo",
    "state": "",
    "state_code": "",
    "province": "",
    "province_code": "",
    "community": "",
    "community_code": "",
    "latitude": "42.1322",
    "longitude": "21.7144"
  },
  {
    "country_code": "MK",
    "zipcode": "1302",
    "place": "Zeglane",
    "state": "",
    "state_code": "",
    "province": "",
    "province_code": "",
    "community": "",
    "community_code": "",
    "latitude": "42.2625",
    "longitude": "21.9108"
  },
  {
    "country_code": "MK",
    "zipcode": "1303",
    "place": "Staro Negoricane",
    "state": "",
    "state_code": "",
    "province": "",
    "province_code": "",
    "community": "",
    "community_code": "",
    "latitude": "42.1981",
    "longitude": "21.8286"
  },
  {
    "country_code": "MK",
    "zipcode": "1304",
    "place": "Klecovce",
    "state": "",
    "state_code": "",
    "province": "",
    "province_code": "",
    "community": "",
    "community_code": "",
    "latitude": "42.1161",
    "longitude": "21.8572"
  },
  {
    "country_code": "MK",
    "zipcode": "1305",
    "place": "Orasec",
    "state": "",
    "state_code": "",
    "province": "",
    "province_code": "",
    "community": "",
    "community_code": "",
    "latitude": "42.0625",
    "longitude": "21.7997"
  },
  {
    "country_code": "MK",
    "zipcode": "1306",
    "place": "Matejce",
    "state": "",
    "state_code": "",
    "province": "",
    "province_code": "",
    "community": "",
    "community_code": "",
    "latitude": "42.1256",
    "longitude": "21.5978"
  },
  {
    "country_code": "MK",
    "zipcode": "1307",
    "place": "Lipkovo",
    "state": "",
    "state_code": "",
    "province": "",
    "province_code": "",
    "community": "",
    "community_code": "",
    "latitude": "42.1564",
    "longitude": "21.5853"
  },
  {
    "country_code": "MK",
    "zipcode": "1308",
    "place": "Tabanovce",
    "state": "",
    "state_code": "",
    "province": "",
    "province_code": "",
    "community": "",
    "community_code": "",
    "latitude": "42.2147",
    "longitude": "21.7083"
  },
  {
    "country_code": "MK",
    "zipcode": "1309",
    "place": "Gradiste",
    "state": "",
    "state_code": "",
    "province": "",
    "province_code": "",
    "community": "",
    "community_code": "",
    "latitude": "42.0231",
    "longitude": "21.8878"
  },
  {
    "country_code": "MK",
    "zipcode": "1312",
    "place": "Mlado Nagoricane",
    "state": "",
    "state_code": "",
    "province": "",
    "province_code": "",
    "community": "",
    "community_code": "",
    "latitude": "42.1703",
    "longitude": "21.8017"
  },
  {
    "country_code": "MK",
    "zipcode": "1314",
    "place": "Oblavce",
    "state": "",
    "state_code": "",
    "province": "",
    "province_code": "",
    "community": "",
    "community_code": "",
    "latitude": "42.1572",
    "longitude": "21.9067"
  },
  {
    "country_code": "MK",
    "zipcode": "1315",
    "place": "Otlja",
    "state": "",
    "state_code": "",
    "province": "",
    "province_code": "",
    "community": "",
    "community_code": "",
    "latitude": "42.1439",
    "longitude": "21.5878"
  },
  {
    "country_code": "MK",
    "zipcode": "1316",
    "place": "Rankovce",
    "state": "",
    "state_code": "",
    "province": "",
    "province_code": "",
    "community": "",
    "community_code": "",
    "latitude": "42.1819",
    "longitude": "22.1228"
  },
  {
    "country_code": "MK",
    "zipcode": "1322",
    "place": "Romanovce",
    "state": "",
    "state_code": "",
    "province": "",
    "province_code": "",
    "community": "",
    "community_code": "",
    "latitude": "42.0947",
    "longitude": "21.6931"
  },
  {
    "country_code": "MK",
    "zipcode": "1323",
    "place": "Pcinja",
    "state": "",
    "state_code": "",
    "province": "",
    "province_code": "",
    "community": "",
    "community_code": "",
    "latitude": "42.0397",
    "longitude": "21.7561"
  },
  {
    "country_code": "MK",
    "zipcode": "1324",
    "place": "Vaksince",
    "state": "",
    "state_code": "",
    "province": "",
    "province_code": "",
    "community": "",
    "community_code": "",
    "latitude": "42.2061",
    "longitude": "21.6631"
  },
  {
    "country_code": "MK",
    "zipcode": "1325",
    "place": "Slupcane",
    "state": "",
    "state_code": "",
    "province": "",
    "province_code": "",
    "community": "",
    "community_code": "",
    "latitude": "42.1733",
    "longitude": "21.6278"
  },
  {
    "country_code": "MK",
    "zipcode": "1330",
    "place": "Kriva Palanka",
    "state": "",
    "state_code": "",
    "province": "",
    "province_code": "",
    "community": "",
    "community_code": "",
    "latitude": "42.2019",
    "longitude": "22.3319"
  },
  {
    "country_code": "MK",
    "zipcode": "1332",
    "place": "Petralnica",
    "state": "",
    "state_code": "",
    "province": "",
    "province_code": "",
    "community": "",
    "community_code": "",
    "latitude": "42.2083",
    "longitude": "22.1872"
  },
  {
    "country_code": "MK",
    "zipcode": "1333",
    "place": "Mozdivnjak",
    "state": "",
    "state_code": "",
    "province": "",
    "province_code": "",
    "community": "",
    "community_code": "",
    "latitude": "42.1578",
    "longitude": "22.2539"
  },
  {
    "country_code": "MK",
    "zipcode": "1334",
    "place": "Dubrovnica",
    "state": "",
    "state_code": "",
    "province": "",
    "province_code": "",
    "community": "",
    "community_code": "",
    "latitude": "42.2772",
    "longitude": "22.3239"
  },
  {
    "country_code": "MK",
    "zipcode": "1335",
    "place": "Zidilovo",
    "state": "",
    "state_code": "",
    "province": "",
    "province_code": "",
    "community": "",
    "community_code": "",
    "latitude": "42.225",
    "longitude": "22.3958"
  },
  {
    "country_code": "MK",
    "zipcode": "1360",
    "place": "Kratovo",
    "state": "",
    "state_code": "",
    "province": "",
    "province_code": "",
    "community": "",
    "community_code": "",
    "latitude": "42.0792",
    "longitude": "22.1814"
  },
  {
    "country_code": "MK",
    "zipcode": "1361",
    "place": "Stracin",
    "state": "",
    "state_code": "",
    "province": "",
    "province_code": "",
    "community": "",
    "community_code": "",
    "latitude": "42.1506",
    "longitude": "22.0322"
  },
  {
    "country_code": "MK",
    "zipcode": "1400",
    "place": "Veles",
    "state": "",
    "state_code": "",
    "province": "",
    "province_code": "",
    "community": "",
    "community_code": "",
    "latitude": "41.7156",
    "longitude": "21.7756"
  },
  {
    "country_code": "MK",
    "zipcode": "1406",
    "place": "Basino Selo",
    "state": "",
    "state_code": "",
    "province": "",
    "province_code": "",
    "community": "",
    "community_code": "",
    "latitude": "41.7483",
    "longitude": "21.76"
  },
  {
    "country_code": "MK",
    "zipcode": "1407",
    "place": "Ivankovci",
    "state": "",
    "state_code": "",
    "province": "",
    "province_code": "",
    "community": "",
    "community_code": "",
    "latitude": "41.8489",
    "longitude": "21.8203"
  },
  {
    "country_code": "MK",
    "zipcode": "1408",
    "place": "Gorno Orizari",
    "state": "",
    "state_code": "",
    "province": "",
    "province_code": "",
    "community": "",
    "community_code": "",
    "latitude": "41.6858",
    "longitude": "21.7336"
  },
  {
    "country_code": "MK",
    "zipcode": "1413",
    "place": "Caska",
    "state": "",
    "state_code": "",
    "province": "",
    "province_code": "",
    "community": "",
    "community_code": "",
    "latitude": "41.6506",
    "longitude": "21.6622"
  },
  {
    "country_code": "MK",
    "zipcode": "1414",
    "place": "Izvor",
    "state": "",
    "state_code": "",
    "province": "",
    "province_code": "",
    "community": "",
    "community_code": "",
    "latitude": "41.5547",
    "longitude": "21.6972"
  },
  {
    "country_code": "MK",
    "zipcode": "1415",
    "place": "Bogomila",
    "state": "",
    "state_code": "",
    "province": "",
    "province_code": "",
    "community": "",
    "community_code": "",
    "latitude": "41.5931",
    "longitude": "21.4717"
  },
  {
    "country_code": "MK",
    "zipcode": "1420",
    "place": "Gradsko",
    "state": "",
    "state_code": "",
    "province": "",
    "province_code": "",
    "community": "",
    "community_code": "",
    "latitude": "41.5775",
    "longitude": "21.9428"
  },
  {
    "country_code": "MK",
    "zipcode": "1421",
    "place": "Sirkovo",
    "state": "",
    "state_code": "",
    "province": "",
    "province_code": "",
    "community": "",
    "community_code": "",
    "latitude": "41.5064",
    "longitude": "21.8886"
  },
  {
    "country_code": "MK",
    "zipcode": "1422",
    "place": "Rosoman",
    "state": "",
    "state_code": "",
    "province": "",
    "province_code": "",
    "community": "",
    "community_code": "",
    "latitude": "41.5161",
    "longitude": "21.9497"
  },
  {
    "country_code": "MK",
    "zipcode": "1423",
    "place": "Drenovo",
    "state": "",
    "state_code": "",
    "province": "",
    "province_code": "",
    "community": "",
    "community_code": "",
    "latitude": "41.4194",
    "longitude": "21.89"
  },
  {
    "country_code": "MK",
    "zipcode": "1424",
    "place": "Vozarci",
    "state": "",
    "state_code": "",
    "province": "",
    "province_code": "",
    "community": "",
    "community_code": "",
    "latitude": "41.43",
    "longitude": "21.9247"
  },
  {
    "country_code": "MK",
    "zipcode": "1426",
    "place": "Marena",
    "state": "",
    "state_code": "",
    "province": "",
    "province_code": "",
    "community": "",
    "community_code": "",
    "latitude": "41.4664",
    "longitude": "22.0278"
  },
  {
    "country_code": "MK",
    "zipcode": "1427",
    "place": "Sopot",
    "state": "",
    "state_code": "",
    "province": "",
    "province_code": "",
    "community": "",
    "community_code": "",
    "latitude": "41.49",
    "longitude": "22.0247"
  },
  {
    "country_code": "MK",
    "zipcode": "1430",
    "place": "Kavadarci",
    "state": "",
    "state_code": "",
    "province": "",
    "province_code": "",
    "community": "",
    "community_code": "",
    "latitude": "41.4331",
    "longitude": "22.0119"
  },
  {
    "country_code": "MK",
    "zipcode": "1434",
    "place": "Resava",
    "state": "",
    "state_code": "",
    "province": "",
    "province_code": "",
    "community": "",
    "community_code": "",
    "latitude": "41.3881",
    "longitude": "21.9781"
  },
  {
    "country_code": "MK",
    "zipcode": "1437",
    "place": "Konopiste",
    "state": "",
    "state_code": "",
    "province": "",
    "province_code": "",
    "community": "",
    "community_code": "",
    "latitude": "41.2472",
    "longitude": "22.0772"
  },
  {
    "country_code": "MK",
    "zipcode": "1440",
    "place": "Negotino",
    "state": "",
    "state_code": "",
    "province": "",
    "province_code": "",
    "community": "",
    "community_code": "",
    "latitude": "41.4839",
    "longitude": "22.0892"
  },
  {
    "country_code": "MK",
    "zipcode": "1441",
    "place": "Pepeliste",
    "state": "",
    "state_code": "",
    "province": "",
    "province_code": "",
    "community": "",
    "community_code": "",
    "latitude": "41.5189",
    "longitude": "22.1283"
  },
  {
    "country_code": "MK",
    "zipcode": "1442",
    "place": "Demir Kapija",
    "state": "",
    "state_code": "",
    "province": "",
    "province_code": "",
    "community": "",
    "community_code": "",
    "latitude": "41.405",
    "longitude": "22.2489"
  },
  {
    "country_code": "MK",
    "zipcode": "1443",
    "place": "Dolni Disan",
    "state": "",
    "state_code": "",
    "province": "",
    "province_code": "",
    "community": "",
    "community_code": "",
    "latitude": "41.4283",
    "longitude": "22.0956"
  },
  {
    "country_code": "MK",
    "zipcode": "1480",
    "place": "Gevgelija",
    "state": "",
    "state_code": "",
    "province": "",
    "province_code": "",
    "community": "",
    "community_code": "",
    "latitude": "41.1392",
    "longitude": "22.5025"
  },
  {
    "country_code": "MK",
    "zipcode": "1483",
    "place": "Negorci",
    "state": "",
    "state_code": "",
    "province": "",
    "province_code": "",
    "community": "",
    "community_code": "",
    "latitude": "41.1836",
    "longitude": "22.4847"
  },
  {
    "country_code": "MK",
    "zipcode": "1484",
    "place": "Bogdanci",
    "state": "",
    "state_code": "",
    "province": "",
    "province_code": "",
    "community": "",
    "community_code": "",
    "latitude": "41.2031",
    "longitude": "22.5756"
  },
  {
    "country_code": "MK",
    "zipcode": "1485",
    "place": "Nov Dojran",
    "state": "",
    "state_code": "",
    "province": "",
    "province_code": "",
    "community": "",
    "community_code": "",
    "latitude": "41.2206",
    "longitude": "22.7061"
  },
  {
    "country_code": "MK",
    "zipcode": "1487",
    "place": "Star Dojran",
    "state": "",
    "state_code": "",
    "province": "",
    "province_code": "",
    "community": "",
    "community_code": "",
    "latitude": "41.1875",
    "longitude": "22.7208"
  },
  {
    "country_code": "MK",
    "zipcode": "1488",
    "place": "Stojakovo",
    "state": "",
    "state_code": "",
    "province": "",
    "province_code": "",
    "community": "",
    "community_code": "",
    "latitude": "41.1556",
    "longitude": "22.5775"
  },
  {
    "country_code": "MK",
    "zipcode": "1489",
    "place": "Miravci",
    "state": "",
    "state_code": "",
    "province": "",
    "province_code": "",
    "community": "",
    "community_code": "",
    "latitude": "41.3078",
    "longitude": "22.435"
  },
  {
    "country_code": "MK",
    "zipcode": "2000",
    "place": "Stip",
    "state": "",
    "state_code": "",
    "province": "",
    "province_code": "",
    "community": "",
    "community_code": "",
    "latitude": "41.7458",
    "longitude": "22.1958"
  },
  {
    "country_code": "MK",
    "zipcode": "2207",
    "place": "Karbinci",
    "state": "",
    "state_code": "",
    "province": "",
    "province_code": "",
    "community": "",
    "community_code": "",
    "latitude": "41.8167",
    "longitude": "22.2375"
  },
  {
    "country_code": "MK",
    "zipcode": "2208",
    "place": "Lozovo",
    "state": "",
    "state_code": "",
    "province": "",
    "province_code": "",
    "community": "",
    "community_code": "",
    "latitude": "41.7839",
    "longitude": "21.9056"
  },
  {
    "country_code": "MK",
    "zipcode": "2210",
    "place": "Probishtip",
    "state": "",
    "state_code": "",
    "province": "",
    "province_code": "",
    "community": "",
    "community_code": "",
    "latitude": "42.0031",
    "longitude": "22.1786"
  },
  {
    "country_code": "MK",
    "zipcode": "2212",
    "place": "Zletovo",
    "state": "",
    "state_code": "",
    "province": "",
    "province_code": "",
    "community": "",
    "community_code": "",
    "latitude": "41.9886",
    "longitude": "22.2361"
  },
  {
    "country_code": "MK",
    "zipcode": "2220",
    "place": "Sveti Nikole",
    "state": "",
    "state_code": "",
    "province": "",
    "province_code": "",
    "community": "",
    "community_code": "",
    "latitude": "41.865",
    "longitude": "21.9428"
  },
  {
    "country_code": "MK",
    "zipcode": "2225",
    "place": "Erdzelija",
    "state": "",
    "state_code": "",
    "province": "",
    "province_code": "",
    "community": "",
    "community_code": "",
    "latitude": "41.8353",
    "longitude": "22.0356"
  },
  {
    "country_code": "MK",
    "zipcode": "2227",
    "place": "Amzabegovo",
    "state": "",
    "state_code": "",
    "province": "",
    "province_code": "",
    "community": "",
    "community_code": "",
    "latitude": "41.8119",
    "longitude": "21.9947"
  },
  {
    "country_code": "MK",
    "zipcode": "2300",
    "place": "Kocani",
    "state": "",
    "state_code": "",
    "province": "",
    "province_code": "",
    "community": "",
    "community_code": "",
    "latitude": "41.9164",
    "longitude": "22.4128"
  },
  {
    "country_code": "MK",
    "zipcode": "2301",
    "place": "Oblesevo",
    "state": "",
    "state_code": "",
    "province": "",
    "province_code": "",
    "community": "",
    "community_code": "",
    "latitude": "41.8833",
    "longitude": "22.3339"
  },
  {
    "country_code": "MK",
    "zipcode": "2302",
    "place": "Orizari",
    "state": "",
    "state_code": "",
    "province": "",
    "province_code": "",
    "community": "",
    "community_code": "",
    "latitude": "41.9228",
    "longitude": "22.4469"
  },
  {
    "country_code": "MK",
    "zipcode": "2304",
    "place": "Makedonska Kamenica",
    "state": "",
    "state_code": "",
    "province": "",
    "province_code": "",
    "community": "",
    "community_code": "",
    "latitude": "42.02",
    "longitude": "22.5919"
  },
  {
    "country_code": "MK",
    "zipcode": "2305",
    "place": "Zrnovci",
    "state": "",
    "state_code": "",
    "province": "",
    "province_code": "",
    "community": "",
    "community_code": "",
    "latitude": "41.8542",
    "longitude": "22.4444"
  },
  {
    "country_code": "MK",
    "zipcode": "2307",
    "place": "Gorni Podlog",
    "state": "",
    "state_code": "",
    "province": "",
    "province_code": "",
    "community": "",
    "community_code": "",
    "latitude": "41.8881",
    "longitude": "22.3814"
  },
  {
    "country_code": "MK",
    "zipcode": "2310",
    "place": "Vinica",
    "state": "",
    "state_code": "",
    "province": "",
    "province_code": "",
    "community": "",
    "community_code": "",
    "latitude": "41.8828",
    "longitude": "22.5092"
  },
  {
    "country_code": "MK",
    "zipcode": "2312",
    "place": "Istibanja",
    "state": "",
    "state_code": "",
    "province": "",
    "province_code": "",
    "community": "",
    "community_code": "",
    "latitude": "41.9297",
    "longitude": "22.5025"
  },
  {
    "country_code": "MK",
    "zipcode": "2314",
    "place": "Blatec",
    "state": "",
    "state_code": "",
    "province": "",
    "province_code": "",
    "community": "",
    "community_code": "",
    "latitude": "41.8378",
    "longitude": "22.5781"
  },
  {
    "country_code": "MK",
    "zipcode": "2315",
    "place": "Rusinovo",
    "state": "",
    "state_code": "",
    "province": "",
    "province_code": "",
    "community": "",
    "community_code": "",
    "latitude": "41.6833",
    "longitude": "22.8083"
  },
  {
    "country_code": "MK",
    "zipcode": "2316",
    "place": "Dragobraste",
    "state": "",
    "state_code": "",
    "province": "",
    "province_code": "",
    "community": "",
    "community_code": "",
    "latitude": "41.8972",
    "longitude": "22.5994"
  },
  {
    "country_code": "MK",
    "zipcode": "2320",
    "place": "Delcevo",
    "state": "",
    "state_code": "",
    "province": "",
    "province_code": "",
    "community": "",
    "community_code": "",
    "latitude": "41.9672",
    "longitude": "22.7694"
  },
  {
    "country_code": "MK",
    "zipcode": "2325",
    "place": "Trabotiviste",
    "state": "",
    "state_code": "",
    "province": "",
    "province_code": "",
    "community": "",
    "community_code": "",
    "latitude": "41.8875",
    "longitude": "22.8167"
  },
  {
    "country_code": "MK",
    "zipcode": "2326",
    "place": "Pehcevo",
    "state": "",
    "state_code": "",
    "province": "",
    "province_code": "",
    "community": "",
    "community_code": "",
    "latitude": "41.7594",
    "longitude": "22.8906"
  },
  {
    "country_code": "MK",
    "zipcode": "2330",
    "place": "Berovo",
    "state": "",
    "state_code": "",
    "province": "",
    "province_code": "",
    "community": "",
    "community_code": "",
    "latitude": "41.7031",
    "longitude": "22.8578"
  },
  {
    "country_code": "MK",
    "zipcode": "2331",
    "place": "Vladimirovo",
    "state": "",
    "state_code": "",
    "province": "",
    "province_code": "",
    "community": "",
    "community_code": "",
    "latitude": "41.71",
    "longitude": "22.7928"
  },
  {
    "country_code": "MK",
    "zipcode": "2332",
    "place": "Budinarci",
    "state": "",
    "state_code": "",
    "province": "",
    "province_code": "",
    "community": "",
    "community_code": "",
    "latitude": "41.7642",
    "longitude": "22.7756"
  },
  {
    "country_code": "MK",
    "zipcode": "2333",
    "place": "Cesinovo",
    "state": "",
    "state_code": "",
    "province": "",
    "province_code": "",
    "community": "",
    "community_code": "",
    "latitude": "41.8714",
    "longitude": "22.2892"
  },
  {
    "country_code": "MK",
    "zipcode": "2400",
    "place": "Strumica",
    "state": "",
    "state_code": "",
    "province": "",
    "province_code": "",
    "community": "",
    "community_code": "",
    "latitude": "41.4375",
    "longitude": "22.6433"
  },
  {
    "country_code": "MK",
    "zipcode": "2410",
    "place": "Kuklis",
    "state": "",
    "state_code": "",
    "province": "",
    "province_code": "",
    "community": "",
    "community_code": "",
    "latitude": "41.4053",
    "longitude": "22.6653"
  },
  {
    "country_code": "MK",
    "zipcode": "2411",
    "place": "Vasilevo",
    "state": "",
    "state_code": "",
    "province": "",
    "province_code": "",
    "community": "",
    "community_code": "",
    "latitude": "41.4761",
    "longitude": "22.6417"
  },
  {
    "country_code": "MK",
    "zipcode": "2412",
    "place": "Vladevci / Radicevo sobiraliste",
    "state": "",
    "state_code": "",
    "province": "",
    "province_code": "",
    "community": "",
    "community_code": "",
    "latitude": "41.5208",
    "longitude": "22.5914"
  },
  {
    "country_code": "MK",
    "zipcode": "2413",
    "place": "Kosturino",
    "state": "",
    "state_code": "",
    "province": "",
    "province_code": "",
    "community": "",
    "community_code": "",
    "latitude": "41.3572",
    "longitude": "22.6094"
  },
  {
    "country_code": "MK",
    "zipcode": "2414",
    "place": "Veljusa",
    "state": "",
    "state_code": "",
    "province": "",
    "province_code": "",
    "community": "",
    "community_code": "",
    "latitude": "41.4761",
    "longitude": "22.5675"
  },
  {
    "country_code": "MK",
    "zipcode": "2416",
    "place": "Dobrasinci",
    "state": "",
    "state_code": "",
    "province": "",
    "province_code": "",
    "community": "",
    "community_code": "",
    "latitude": "41.5253",
    "longitude": "22.6753"
  },
  {
    "country_code": "MK",
    "zipcode": "2420",
    "place": "Radovis",
    "state": "",
    "state_code": "",
    "province": "",
    "province_code": "",
    "community": "",
    "community_code": "",
    "latitude": "41.6383",
    "longitude": "22.4647"
  },
  {
    "country_code": "MK",
    "zipcode": "2423",
    "place": "Podares",
    "state": "",
    "state_code": "",
    "province": "",
    "province_code": "",
    "community": "",
    "community_code": "",
    "latitude": "41.6139",
    "longitude": "22.5422"
  },
  {
    "country_code": "MK",
    "zipcode": "2424",
    "place": "Konce",
    "state": "",
    "state_code": "",
    "province": "",
    "province_code": "",
    "community": "",
    "community_code": "",
    "latitude": "41.4958",
    "longitude": "22.385"
  },
  {
    "country_code": "MK",
    "zipcode": "2430",
    "place": "Petralinci",
    "state": "",
    "state_code": "",
    "province": "",
    "province_code": "",
    "community": "",
    "community_code": "",
    "latitude": "41.4706",
    "longitude": "22.7269"
  },
  {
    "country_code": "MK",
    "zipcode": "2431",
    "place": "Bosilovo",
    "state": "",
    "state_code": "",
    "province": "",
    "province_code": "",
    "community": "",
    "community_code": "",
    "latitude": "41.4406",
    "longitude": "22.7278"
  },
  {
    "country_code": "MK",
    "zipcode": "2432",
    "place": "Murtino",
    "state": "",
    "state_code": "",
    "province": "",
    "province_code": "",
    "community": "",
    "community_code": "",
    "latitude": "41.4153",
    "longitude": "22.7267"
  },
  {
    "country_code": "MK",
    "zipcode": "2433",
    "place": "Turnovo",
    "state": "",
    "state_code": "",
    "province": "",
    "province_code": "",
    "community": "",
    "community_code": "",
    "latitude": "41.4383",
    "longitude": "22.7736"
  },
  {
    "country_code": "MK",
    "zipcode": "2434",
    "place": "Novo Selo",
    "state": "",
    "state_code": "",
    "province": "",
    "province_code": "",
    "community": "",
    "community_code": "",
    "latitude": "41.4858",
    "longitude": "22.5092"
  },
  {
    "country_code": "MK",
    "zipcode": "2435",
    "place": "Mokrievo",
    "state": "",
    "state_code": "",
    "province": "",
    "province_code": "",
    "community": "",
    "community_code": "",
    "latitude": "41.375",
    "longitude": "22.8386"
  },
  {
    "country_code": "MK",
    "zipcode": "2436",
    "place": "Dracevo",
    "state": "",
    "state_code": "",
    "province": "",
    "province_code": "",
    "community": "",
    "community_code": "",
    "latitude": "41.9367",
    "longitude": "21.5217"
  },
  {
    "country_code": "MK",
    "zipcode": "2460",
    "place": "Valandovo",
    "state": "",
    "state_code": "",
    "province": "",
    "province_code": "",
    "community": "",
    "community_code": "",
    "latitude": "41.3169",
    "longitude": "22.5611"
  },
  {
    "country_code": "MK",
    "zipcode": "2461",
    "place": "Calakli",
    "state": "",
    "state_code": "",
    "province": "",
    "province_code": "",
    "community": "",
    "community_code": "",
    "latitude": "41.3033",
    "longitude": "22.64"
  },
  {
    "country_code": "MK",
    "zipcode": "2464",
    "place": "Udovo",
    "state": "",
    "state_code": "",
    "province": "",
    "province_code": "",
    "community": "",
    "community_code": "",
    "latitude": "41.3431",
    "longitude": "22.4428"
  },
  {
    "country_code": "MK",
    "zipcode": "6000",
    "place": "Ohrid",
    "state": "",
    "state_code": "",
    "province": "",
    "province_code": "",
    "community": "",
    "community_code": "",
    "latitude": "41.1172",
    "longitude": "20.8019"
  },
  {
    "country_code": "MK",
    "zipcode": "6245",
    "place": "Malo Crsko",
    "state": "",
    "state_code": "",
    "province": "",
    "province_code": "",
    "community": "",
    "community_code": "",
    "latitude": "41.4028",
    "longitude": "21.0017"
  },
  {
    "country_code": "MK",
    "zipcode": "6250",
    "place": "Kicevo",
    "state": "",
    "state_code": "",
    "province": "",
    "province_code": "",
    "community": "",
    "community_code": "",
    "latitude": "41.5144",
    "longitude": "20.9633"
  },
  {
    "country_code": "MK",
    "zipcode": "6253",
    "place": "Zajas",
    "state": "",
    "state_code": "",
    "province": "",
    "province_code": "",
    "community": "",
    "community_code": "",
    "latitude": "41.6072",
    "longitude": "20.9383"
  },
  {
    "country_code": "MK",
    "zipcode": "6254",
    "place": "Oslomej",
    "state": "",
    "state_code": "",
    "province": "",
    "province_code": "",
    "community": "",
    "community_code": "",
    "latitude": "41.5772",
    "longitude": "21"
  },
  {
    "country_code": "MK",
    "zipcode": "6255",
    "place": "Brzdani",
    "state": "",
    "state_code": "",
    "province": "",
    "province_code": "",
    "community": "",
    "community_code": "",
    "latitude": "41.4467",
    "longitude": "20.9069"
  },
  {
    "country_code": "MK",
    "zipcode": "6256",
    "place": "Izvor",
    "state": "",
    "state_code": "",
    "province": "",
    "province_code": "",
    "community": "",
    "community_code": "",
    "latitude": "41.5547",
    "longitude": "21.6972"
  },
  {
    "country_code": "MK",
    "zipcode": "6257",
    "place": "Dlapkin Dol",
    "state": "",
    "state_code": "",
    "province": "",
    "province_code": "",
    "community": "",
    "community_code": "",
    "latitude": "41.5592",
    "longitude": "20.9353"
  },
  {
    "country_code": "MK",
    "zipcode": "6258",
    "place": "Vranestica",
    "state": "",
    "state_code": "",
    "province": "",
    "province_code": "",
    "community": "",
    "community_code": "",
    "latitude": "41.4453",
    "longitude": "21.0267"
  },
  {
    "country_code": "MK",
    "zipcode": "6259",
    "place": "Celopeci",
    "state": "",
    "state_code": "",
    "province": "",
    "province_code": "",
    "community": "",
    "community_code": "",
    "latitude": "41.4725",
    "longitude": "21.0286"
  },
  {
    "country_code": "MK",
    "zipcode": "6260",
    "place": "Rastanski Pat",
    "state": "",
    "state_code": "",
    "province": "",
    "province_code": "",
    "community": "",
    "community_code": "",
    "latitude": "41.716",
    "longitude": "21.7641"
  },
  {
    "country_code": "MK",
    "zipcode": "6261",
    "place": "Drugovo",
    "state": "",
    "state_code": "",
    "province": "",
    "province_code": "",
    "community": "",
    "community_code": "",
    "latitude": "41.4842",
    "longitude": "20.9233"
  },
  {
    "country_code": "MK",
    "zipcode": "6262",
    "place": "Strelci",
    "state": "",
    "state_code": "",
    "province": "",
    "province_code": "",
    "community": "",
    "community_code": "",
    "latitude": "41.5372",
    "longitude": "21.0036"
  },
  {
    "country_code": "MK",
    "zipcode": "6306",
    "place": "Leskovec",
    "state": "",
    "state_code": "",
    "province": "",
    "province_code": "",
    "community": "",
    "community_code": "",
    "latitude": "40.95",
    "longitude": "20.8833"
  },
  {
    "country_code": "MK",
    "zipcode": "6322",
    "place": "Ohrid",
    "state": "",
    "state_code": "",
    "province": "",
    "province_code": "",
    "community": "",
    "community_code": "",
    "latitude": "41.1172",
    "longitude": "20.8019"
  },
  {
    "country_code": "MK",
    "zipcode": "6330",
    "place": "Struga",
    "state": "",
    "state_code": "",
    "province": "",
    "province_code": "",
    "community": "",
    "community_code": "",
    "latitude": "41.1781",
    "longitude": "20.6761"
  },
  {
    "country_code": "MK",
    "zipcode": "6333",
    "place": "Radolista",
    "state": "",
    "state_code": "",
    "province": "",
    "province_code": "",
    "community": "",
    "community_code": "",
    "latitude": "41.1642",
    "longitude": "20.6233"
  },
  {
    "country_code": "MK",
    "zipcode": "6334",
    "place": "Velesta",
    "state": "",
    "state_code": "",
    "province": "",
    "province_code": "",
    "community": "",
    "community_code": "",
    "latitude": "41.2408",
    "longitude": "20.6439"
  },
  {
    "country_code": "MK",
    "zipcode": "6335",
    "place": "Vevcani",
    "state": "",
    "state_code": "",
    "province": "",
    "province_code": "",
    "community": "",
    "community_code": "",
    "latitude": "41.2406",
    "longitude": "20.5933"
  },
  {
    "country_code": "MK",
    "zipcode": "6336",
    "place": "Labunista",
    "state": "",
    "state_code": "",
    "province": "",
    "province_code": "",
    "community": "",
    "community_code": "",
    "latitude": "41.2686",
    "longitude": "20.5961"
  },
  {
    "country_code": "MK",
    "zipcode": "6337",
    "place": "Lukovo",
    "state": "",
    "state_code": "",
    "province": "",
    "province_code": "",
    "community": "",
    "community_code": "",
    "latitude": "41.3494",
    "longitude": "20.6047"
  },
  {
    "country_code": "MK",
    "zipcode": "6338",
    "place": "Delgozda",
    "state": "",
    "state_code": "",
    "province": "",
    "province_code": "",
    "community": "",
    "community_code": "",
    "latitude": "41.2573",
    "longitude": "20.7218"
  },
  {
    "country_code": "MK",
    "zipcode": "6339",
    "place": "Oktisi",
    "state": "",
    "state_code": "",
    "province": "",
    "province_code": "",
    "community": "",
    "community_code": "",
    "latitude": "41.2325",
    "longitude": "20.6072"
  },
  {
    "country_code": "MK",
    "zipcode": "6341",
    "place": "Trebenista",
    "state": "",
    "state_code": "",
    "province": "",
    "province_code": "",
    "community": "",
    "community_code": "",
    "latitude": "41.2064",
    "longitude": "20.755"
  },
  {
    "country_code": "MK",
    "zipcode": "6342",
    "place": "Meseista",
    "state": "",
    "state_code": "",
    "province": "",
    "province_code": "",
    "community": "",
    "community_code": "",
    "latitude": "41.2386",
    "longitude": "20.7767"
  },
  {
    "country_code": "MK",
    "zipcode": "6344",
    "place": "Belcista",
    "state": "",
    "state_code": "",
    "province": "",
    "province_code": "",
    "community": "",
    "community_code": "",
    "latitude": "41.3028",
    "longitude": "20.8303"
  },
  {
    "country_code": "MK",
    "zipcode": "6346",
    "place": "Slivovo",
    "state": "",
    "state_code": "",
    "province": "",
    "province_code": "",
    "community": "",
    "community_code": "",
    "latitude": "41.4056",
    "longitude": "20.845"
  },
  {
    "country_code": "MK",
    "zipcode": "6530",
    "place": "Makedonski Brod",
    "state": "",
    "state_code": "",
    "province": "",
    "province_code": "",
    "community": "",
    "community_code": "",
    "latitude": "41.5136",
    "longitude": "21.2153"
  },
  {
    "country_code": "MK",
    "zipcode": "6533",
    "place": "Dolni Manastirec",
    "state": "",
    "state_code": "",
    "province": "",
    "province_code": "",
    "community": "",
    "community_code": "",
    "latitude": "41.6269",
    "longitude": "21.2106"
  },
  {
    "country_code": "MK",
    "zipcode": "6535",
    "place": "Samokov",
    "state": "",
    "state_code": "",
    "province": "",
    "province_code": "",
    "community": "",
    "community_code": "",
    "latitude": "41.6836",
    "longitude": "21.1442"
  },
  {
    "country_code": "MK",
    "zipcode": "6539",
    "place": "Dvorci",
    "state": "",
    "state_code": "",
    "province": "",
    "province_code": "",
    "community": "",
    "community_code": "",
    "latitude": "41.4647",
    "longitude": "21.0928"
  },
  {
    "country_code": "MK",
    "zipcode": "7000",
    "place": "Bitola",
    "state": "",
    "state_code": "",
    "province": "",
    "province_code": "",
    "community": "",
    "community_code": "",
    "latitude": "41.0311",
    "longitude": "21.3403"
  },
  {
    "country_code": "MK",
    "zipcode": "7202",
    "place": "Smilevo",
    "state": "",
    "state_code": "",
    "province": "",
    "province_code": "",
    "community": "",
    "community_code": "",
    "latitude": "41.155",
    "longitude": "21.1111"
  },
  {
    "country_code": "MK",
    "zipcode": "7204",
    "place": "Dolno Orizari",
    "state": "",
    "state_code": "",
    "province": "",
    "province_code": "",
    "community": "",
    "community_code": "",
    "latitude": "41.0503",
    "longitude": "21.3794"
  },
  {
    "country_code": "MK",
    "zipcode": "7205",
    "place": "Dihovo",
    "state": "",
    "state_code": "",
    "province": "",
    "province_code": "",
    "community": "",
    "community_code": "",
    "latitude": "41.0303",
    "longitude": "21.2639"
  },
  {
    "country_code": "MK",
    "zipcode": "7211",
    "place": "Novaci",
    "state": "",
    "state_code": "",
    "province": "",
    "province_code": "",
    "community": "",
    "community_code": "",
    "latitude": "41.0419",
    "longitude": "21.4561"
  },
  {
    "country_code": "MK",
    "zipcode": "7212",
    "place": "Dedebalci",
    "state": "",
    "state_code": "",
    "province": "",
    "province_code": "",
    "community": "",
    "community_code": "",
    "latitude": "41.1164",
    "longitude": "21.4842"
  },
  {
    "country_code": "MK",
    "zipcode": "7213",
    "place": "Makovo",
    "state": "",
    "state_code": "",
    "province": "",
    "province_code": "",
    "community": "",
    "community_code": "",
    "latitude": "41.1186",
    "longitude": "21.6094"
  },
  {
    "country_code": "MK",
    "zipcode": "7214",
    "place": "Staravina",
    "state": "",
    "state_code": "",
    "province": "",
    "province_code": "",
    "community": "",
    "community_code": "",
    "latitude": "41.0897",
    "longitude": "21.7339"
  },
  {
    "country_code": "MK",
    "zipcode": "7215",
    "place": "Dobrusevo",
    "state": "",
    "state_code": "",
    "province": "",
    "province_code": "",
    "community": "",
    "community_code": "",
    "latitude": "41.1686",
    "longitude": "21.4825"
  },
  {
    "country_code": "MK",
    "zipcode": "7216",
    "place": "Mogila",
    "state": "",
    "state_code": "",
    "province": "",
    "province_code": "",
    "community": "",
    "community_code": "",
    "latitude": "41.1083",
    "longitude": "21.3786"
  },
  {
    "country_code": "MK",
    "zipcode": "7221",
    "place": "Bistrica",
    "state": "",
    "state_code": "",
    "province": "",
    "province_code": "",
    "community": "",
    "community_code": "",
    "latitude": "40.9833",
    "longitude": "21.3667"
  },
  {
    "country_code": "MK",
    "zipcode": "7223",
    "place": "Porodin",
    "state": "",
    "state_code": "",
    "province": "",
    "province_code": "",
    "community": "",
    "community_code": "",
    "latitude": "40.9333",
    "longitude": "21.3667"
  },
  {
    "country_code": "MK",
    "zipcode": "7224",
    "place": "Keremenica",
    "state": "",
    "state_code": "",
    "province": "",
    "province_code": "",
    "community": "",
    "community_code": "",
    "latitude": "40.9242",
    "longitude": "21.4585"
  },
  {
    "country_code": "MK",
    "zipcode": "7225",
    "place": "Bac",
    "state": "",
    "state_code": "",
    "province": "",
    "province_code": "",
    "community": "",
    "community_code": "",
    "latitude": "40.9333",
    "longitude": "21.5667"
  },
  {
    "country_code": "MK",
    "zipcode": "7240",
    "place": "Demir Hisar",
    "state": "",
    "state_code": "",
    "province": "",
    "province_code": "",
    "community": "",
    "community_code": "",
    "latitude": "41.2217",
    "longitude": "21.2031"
  },
  {
    "country_code": "MK",
    "zipcode": "7241",
    "place": "Kukurecani",
    "state": "",
    "state_code": "",
    "province": "",
    "province_code": "",
    "community": "",
    "community_code": "",
    "latitude": "41.0956",
    "longitude": "21.3256"
  },
  {
    "country_code": "MK",
    "zipcode": "7242",
    "place": "Lopatica",
    "state": "",
    "state_code": "",
    "province": "",
    "province_code": "",
    "community": "",
    "community_code": "",
    "latitude": "41.1594",
    "longitude": "21.2539"
  },
  {
    "country_code": "MK",
    "zipcode": "7244",
    "place": "Zvan",
    "state": "",
    "state_code": "",
    "province": "",
    "province_code": "",
    "community": "",
    "community_code": "",
    "latitude": "41.2878",
    "longitude": "21.1208"
  },
  {
    "country_code": "MK",
    "zipcode": "7245",
    "place": "Ivanjevci",
    "state": "",
    "state_code": "",
    "province": "",
    "province_code": "",
    "community": "",
    "community_code": "",
    "latitude": "41.2064",
    "longitude": "21.3589"
  },
  {
    "country_code": "MK",
    "zipcode": "7310",
    "place": "Resen",
    "state": "",
    "state_code": "",
    "province": "",
    "province_code": "",
    "community": "",
    "community_code": "",
    "latitude": "41.0889",
    "longitude": "21.0122"
  },
  {
    "country_code": "MK",
    "zipcode": "7313",
    "place": "Capari",
    "state": "",
    "state_code": "",
    "province": "",
    "province_code": "",
    "community": "",
    "community_code": "",
    "latitude": "41.0561",
    "longitude": "21.1783"
  },
  {
    "country_code": "MK",
    "zipcode": "7314",
    "place": "Kazani",
    "state": "",
    "state_code": "",
    "province": "",
    "province_code": "",
    "community": "",
    "community_code": "",
    "latitude": "41.0653",
    "longitude": "21.1472"
  },
  {
    "country_code": "MK",
    "zipcode": "7315",
    "place": "Carev Dvor",
    "state": "",
    "state_code": "",
    "province": "",
    "province_code": "",
    "community": "",
    "community_code": "",
    "latitude": "41.0431",
    "longitude": "21.0072"
  },
  {
    "country_code": "MK",
    "zipcode": "7316",
    "place": "Asamati",
    "state": "",
    "state_code": "",
    "province": "",
    "province_code": "",
    "community": "",
    "community_code": "",
    "latitude": "40.9864",
    "longitude": "21.0511"
  },
  {
    "country_code": "MK",
    "zipcode": "7317",
    "place": "Krani",
    "state": "",
    "state_code": "",
    "province": "",
    "province_code": "",
    "community": "",
    "community_code": "",
    "latitude": "40.9394",
    "longitude": "21.1086"
  },
  {
    "country_code": "MK",
    "zipcode": "7318",
    "place": "Ljubojno",
    "state": "",
    "state_code": "",
    "province": "",
    "province_code": "",
    "community": "",
    "community_code": "",
    "latitude": "40.8942",
    "longitude": "21.1408"
  },
  {
    "country_code": "MK",
    "zipcode": "7319",
    "place": "Otesevo",
    "state": "",
    "state_code": "",
    "province": "",
    "province_code": "",
    "community": "",
    "community_code": "",
    "latitude": "40.9833",
    "longitude": "20.9167"
  },
  {
    "country_code": "MK",
    "zipcode": "7320",
    "place": "Jankovec",
    "state": "",
    "state_code": "",
    "province": "",
    "province_code": "",
    "community": "",
    "community_code": "",
    "latitude": "41.1103",
    "longitude": "21.0114"
  },
  {
    "country_code": "MK",
    "zipcode": "7500",
    "place": "Prilep",
    "state": "",
    "state_code": "",
    "province": "",
    "province_code": "",
    "community": "",
    "community_code": "",
    "latitude": "41.3464",
    "longitude": "21.5544"
  },
  {
    "country_code": "MK",
    "zipcode": "7504",
    "place": "Dolneni",
    "state": "",
    "state_code": "",
    "province": "",
    "province_code": "",
    "community": "",
    "community_code": "",
    "latitude": "41.4253",
    "longitude": "21.4547"
  },
  {
    "country_code": "MK",
    "zipcode": "7505",
    "place": "Kostinci",
    "state": "",
    "state_code": "",
    "province": "",
    "province_code": "",
    "community": "",
    "community_code": "",
    "latitude": "41.5017",
    "longitude": "21.4069"
  },
  {
    "country_code": "MK",
    "zipcode": "7506",
    "place": "Dunje",
    "state": "",
    "state_code": "",
    "province": "",
    "province_code": "",
    "community": "",
    "community_code": "",
    "latitude": "41.2575",
    "longitude": "21.6922"
  },
  {
    "country_code": "MK",
    "zipcode": "7507",
    "place": "Lazani",
    "state": "",
    "state_code": "",
    "province": "",
    "province_code": "",
    "community": "",
    "community_code": "",
    "latitude": "41.4422",
    "longitude": "21.3158"
  },
  {
    "country_code": "MK",
    "zipcode": "7508",
    "place": "Vitoliste",
    "state": "",
    "state_code": "",
    "province": "",
    "province_code": "",
    "community": "",
    "community_code": "",
    "latitude": "41.1808",
    "longitude": "21.8267"
  },
  {
    "country_code": "MK",
    "zipcode": "7509",
    "place": "Golemo Konjari",
    "state": "",
    "state_code": "",
    "province": "",
    "province_code": "",
    "community": "",
    "community_code": "",
    "latitude": "41.3431",
    "longitude": "21.4403"
  },
  {
    "country_code": "MK",
    "zipcode": "7512",
    "place": "Topolcani",
    "state": "",
    "state_code": "",
    "province": "",
    "province_code": "",
    "community": "",
    "community_code": "",
    "latitude": "41.2286",
    "longitude": "21.4314"
  },
  {
    "country_code": "MK",
    "zipcode": "7514",
    "place": "Kanatlarci",
    "state": "",
    "state_code": "",
    "province": "",
    "province_code": "",
    "community": "",
    "community_code": "",
    "latitude": "41.2103",
    "longitude": "21.5033"
  },
  {
    "country_code": "MK",
    "zipcode": "7524",
    "place": "Krivogastani",
    "state": "",
    "state_code": "",
    "province": "",
    "province_code": "",
    "community": "",
    "community_code": "",
    "latitude": "41.3361",
    "longitude": "21.3331"
  },
  {
    "country_code": "MK",
    "zipcode": "7525",
    "place": "Vodani",
    "state": "",
    "state_code": "",
    "province": "",
    "province_code": "",
    "community": "",
    "community_code": "",
    "latitude": "41.2836",
    "longitude": "21.3394"
  },
  {
    "country_code": "MK",
    "zipcode": "7537",
    "place": "Debreste",
    "state": "",
    "state_code": "",
    "province": "",
    "province_code": "",
    "community": "",
    "community_code": "",
    "latitude": "41.4797",
    "longitude": "21.3153"
  },
  {
    "country_code": "MK",
    "zipcode": "7550",
    "place": "Krusevo",
    "state": "",
    "state_code": "",
    "province": "",
    "province_code": "",
    "community": "",
    "community_code": "",
    "latitude": "41.3689",
    "longitude": "21.2489"
  }
]
