[
  {
    "country_code": "PR",
    "zipcode": "00601",
    "place": "Adjuntas",
    "state": "Adjuntas",
    "state_code": "001",
    "province": "",
    "province_code": "",
    "community": "",
    "community_code": "",
    "latitude": "18.1627",
    "longitude": "-66.7221"
  },
  {
    "country_code": "PR",
    "zipcode": "00602",
    "place": "Aguada",
    "state": "Aguada",
    "state_code": "003",
    "province": "",
    "province_code": "",
    "community": "",
    "community_code": "",
    "latitude": "18.3794",
    "longitude": "-67.1882"
  },
  {
    "country_code": "PR",
    "zipcode": "00603",
    "place": "Aguadilla",
    "state": "Aguadilla",
    "state_code": "005",
    "province": "",
    "province_code": "",
    "community": "",
    "community_code": "",
    "latitude": "18.4274",
    "longitude": "-67.1541"
  },
  {
    "country_code": "PR",
    "zipcode": "00604",
    "place": "Aguadilla",
    "state": "Aguadilla",
    "state_code": "005",
    "province": "",
    "province_code": "",
    "community": "",
    "community_code": "",
    "latitude": "18.4274",
    "longitude": "-67.1541"
  },
  {
    "country_code": "PR",
    "zipcode": "00605",
    "place": "Aguadilla",
    "state": "Aguadilla",
    "state_code": "005",
    "province": "",
    "province_code": "",
    "community": "",
    "community_code": "",
    "latitude": "18.4274",
    "longitude": "-67.1541"
  },
  {
    "country_code": "PR",
    "zipcode": "00690",
    "place": "San Antonio",
    "state": "Aguadilla",
    "state_code": "005",
    "province": "",
    "province_code": "",
    "community": "",
    "community_code": "",
    "latitude": "18.4922",
    "longitude": "-67.0985"
  },
  {
    "country_code": "PR",
    "zipcode": "00703",
    "place": "Aguas Buenas",
    "state": "Aguas Buenas",
    "state_code": "007",
    "province": "",
    "province_code": "",
    "community": "",
    "community_code": "",
    "latitude": "18.2569",
    "longitude": "-66.1029"
  },
  {
    "country_code": "PR",
    "zipcode": "00705",
    "place": "Aibonito",
    "state": "Aibonito",
    "state_code": "009",
    "province": "",
    "province_code": "",
    "community": "",
    "community_code": "",
    "latitude": "18.14",
    "longitude": "-66.266"
  },
  {
    "country_code": "PR",
    "zipcode": "00786",
    "place": "La Plata",
    "state": "Aibonito",
    "state_code": "009",
    "province": "",
    "province_code": "",
    "community": "",
    "community_code": "",
    "latitude": "18.1544",
    "longitude": "-66.2329"
  },
  {
    "country_code": "PR",
    "zipcode": "00610",
    "place": "Anasco",
    "state": "Anasco",
    "state_code": "011",
    "province": "",
    "province_code": "",
    "community": "",
    "community_code": "",
    "latitude": "18.2827",
    "longitude": "-67.1396"
  },
  {
    "country_code": "PR",
    "zipcode": "00612",
    "place": "Arecibo",
    "state": "Arecibo",
    "state_code": "013",
    "province": "",
    "province_code": "",
    "community": "",
    "community_code": "",
    "latitude": "18.4724",
    "longitude": "-66.7157"
  },
  {
    "country_code": "PR",
    "zipcode": "00613",
    "place": "Arecibo",
    "state": "Arecibo",
    "state_code": "013",
    "province": "",
    "province_code": "",
    "community": "",
    "community_code": "",
    "latitude": "18.4724",
    "longitude": "-66.7157"
  },
  {
    "country_code": "PR",
    "zipcode": "00614",
    "place": "Arecibo",
    "state": "Arecibo",
    "state_code": "013",
    "province": "",
    "province_code": "",
    "community": "",
    "community_code": "",
    "latitude": "18.4724",
    "longitude": "-66.7157"
  },
  {
    "country_code": "PR",
    "zipcode": "00616",
    "place": "Bajadero",
    "state": "Arecibo",
    "state_code": "013",
    "province": "",
    "province_code": "",
    "community": "",
    "community_code": "",
    "latitude": "18.4266",
    "longitude": "-66.6832"
  },
  {
    "country_code": "PR",
    "zipcode": "00652",
    "place": "Garrochales",
    "state": "Arecibo",
    "state_code": "013",
    "province": "",
    "province_code": "",
    "community": "",
    "community_code": "",
    "latitude": "18.4577",
    "longitude": "-66.611"
  },
  {
    "country_code": "PR",
    "zipcode": "00688",
    "place": "Sabana Hoyos",
    "state": "Arecibo",
    "state_code": "013",
    "province": "",
    "province_code": "",
    "community": "",
    "community_code": "",
    "latitude": "18.4338",
    "longitude": "-66.6138"
  },
  {
    "country_code": "PR",
    "zipcode": "00714",
    "place": "Arroyo",
    "state": "Arroyo",
    "state_code": "015",
    "province": "",
    "province_code": "",
    "community": "",
    "community_code": "",
    "latitude": "17.9658",
    "longitude": "-66.0613"
  },
  {
    "country_code": "PR",
    "zipcode": "00617",
    "place": "Barceloneta",
    "state": "Barceloneta",
    "state_code": "017",
    "province": "",
    "province_code": "",
    "community": "",
    "community_code": "",
    "latitude": "18.4505",
    "longitude": "-66.5385"
  },
  {
    "country_code": "PR",
    "zipcode": "00794",
    "place": "Barranquitas",
    "state": "Barranquitas",
    "state_code": "019",
    "province": "",
    "province_code": "",
    "community": "",
    "community_code": "",
    "latitude": "18.1866",
    "longitude": "-66.3063"
  },
  {
    "country_code": "PR",
    "zipcode": "00934",
    "place": "Fort Buchanan",
    "state": "Bayamon",
    "state_code": "021",
    "province": "",
    "province_code": "",
    "community": "",
    "community_code": "",
    "latitude": "18.4122",
    "longitude": "-66.1221"
  },
  {
    "country_code": "PR",
    "zipcode": "00956",
    "place": "Bayamon",
    "state": "Bayamon",
    "state_code": "021",
    "province": "",
    "province_code": "",
    "community": "",
    "community_code": "",
    "latitude": "18.3986",
    "longitude": "-66.1557"
  },
  {
    "country_code": "PR",
    "zipcode": "00957",
    "place": "Bayamon",
    "state": "Bayamon",
    "state_code": "021",
    "province": "",
    "province_code": "",
    "community": "",
    "community_code": "",
    "latitude": "18.3986",
    "longitude": "-66.1557"
  },
  {
    "country_code": "PR",
    "zipcode": "00958",
    "place": "Bayamon",
    "state": "Bayamon",
    "state_code": "021",
    "province": "",
    "province_code": "",
    "community": "",
    "community_code": "",
    "latitude": "18.3986",
    "longitude": "-66.1557"
  },
  {
    "country_code": "PR",
    "zipcode": "00959",
    "place": "Bayamon",
    "state": "Bayamon",
    "state_code": "021",
    "province": "",
    "province_code": "",
    "community": "",
    "community_code": "",
    "latitude": "18.3986",
    "longitude": "-66.1557"
  },
  {
    "country_code": "PR",
    "zipcode": "00960",
    "place": "Bayamon",
    "state": "Bayamon",
    "state_code": "021",
    "province": "",
    "province_code": "",
    "community": "",
    "community_code": "",
    "latitude": "18.3986",
    "longitude": "-66.1557"
  },
  {
    "country_code": "PR",
    "zipcode": "00961",
    "place": "Bayamon",
    "state": "Bayamon",
    "state_code": "021",
    "province": "",
    "province_code": "",
    "community": "",
    "community_code": "",
    "latitude": "18.3986",
    "longitude": "-66.1557"
  },
  {
    "country_code": "PR",
    "zipcode": "00622",
    "place": "Boqueron",
    "state": "Cabo Rojo",
    "state_code": "023",
    "province": "",
    "province_code": "",
    "community": "",
    "community_code": "",
    "latitude": "18.0269",
    "longitude": "-67.1691"
  },
  {
    "country_code": "PR",
    "zipcode": "00623",
    "place": "Cabo Rojo",
    "state": "Cabo Rojo",
    "state_code": "023",
    "province": "",
    "province_code": "",
    "community": "",
    "community_code": "",
    "latitude": "18.0866",
    "longitude": "-67.1457"
  },
  {
    "country_code": "PR",
    "zipcode": "00725",
    "place": "Caguas",
    "state": "Caguas",
    "state_code": "025",
    "province": "",
    "province_code": "",
    "community": "",
    "community_code": "",
    "latitude": "18.2341",
    "longitude": "-66.0485"
  },
  {
    "country_code": "PR",
    "zipcode": "00726",
    "place": "Caguas",
    "state": "Caguas",
    "state_code": "025",
    "province": "",
    "province_code": "",
    "community": "",
    "community_code": "",
    "latitude": "18.2341",
    "longitude": "-66.0485"
  },
  {
    "country_code": "PR",
    "zipcode": "00727",
    "place": "Caguas",
    "state": "Caguas",
    "state_code": "025",
    "province": "",
    "province_code": "",
    "community": "",
    "community_code": "",
    "latitude": "18.2341",
    "longitude": "-66.0485"
  },
  {
    "country_code": "PR",
    "zipcode": "00627",
    "place": "Camuy",
    "state": "Camuy",
    "state_code": "027",
    "province": "",
    "province_code": "",
    "community": "",
    "community_code": "",
    "latitude": "18.4838",
    "longitude": "-66.8449"
  },
  {
    "country_code": "PR",
    "zipcode": "00729",
    "place": "Canovanas",
    "state": "Canovanas",
    "state_code": "029",
    "province": "",
    "province_code": "",
    "community": "",
    "community_code": "",
    "latitude": "18.3751",
    "longitude": "-65.8993"
  },
  {
    "country_code": "PR",
    "zipcode": "00983",
    "place": "Carolina",
    "state": "Carolina",
    "state_code": "031",
    "province": "",
    "province_code": "",
    "community": "",
    "community_code": "",
    "latitude": "18.3808",
    "longitude": "-65.9574"
  },
  {
    "country_code": "PR",
    "zipcode": "00984",
    "place": "Carolina",
    "state": "Carolina",
    "state_code": "031",
    "province": "",
    "province_code": "",
    "community": "",
    "community_code": "",
    "latitude": "18.3808",
    "longitude": "-65.9574"
  },
  {
    "country_code": "PR",
    "zipcode": "00985",
    "place": "Carolina",
    "state": "Carolina",
    "state_code": "031",
    "province": "",
    "province_code": "",
    "community": "",
    "community_code": "",
    "latitude": "18.3808",
    "longitude": "-65.9574"
  },
  {
    "country_code": "PR",
    "zipcode": "00986",
    "place": "Carolina",
    "state": "Carolina",
    "state_code": "031",
    "province": "",
    "province_code": "",
    "community": "",
    "community_code": "",
    "latitude": "18.3808",
    "longitude": "-65.9574"
  },
  {
    "country_code": "PR",
    "zipcode": "00987",
    "place": "Carolina",
    "state": "Carolina",
    "state_code": "031",
    "province": "",
    "province_code": "",
    "community": "",
    "community_code": "",
    "latitude": "18.3808",
    "longitude": "-65.9574"
  },
  {
    "country_code": "PR",
    "zipcode": "00988",
    "place": "Carolina",
    "state": "Carolina",
    "state_code": "031",
    "province": "",
    "province_code": "",
    "community": "",
    "community_code": "",
    "latitude": "18.3808",
    "longitude": "-65.9574"
  },
  {
    "country_code": "PR",
    "zipcode": "00962",
    "place": "Catano",
    "state": "Catano",
    "state_code": "033",
    "province": "",
    "province_code": "",
    "community": "",
    "community_code": "",
    "latitude": "18.4413",
    "longitude": "-66.1182"
  },
  {
    "country_code": "PR",
    "zipcode": "00963",
    "place": "Catano",
    "state": "Catano",
    "state_code": "033",
    "province": "",
    "province_code": "",
    "community": "",
    "community_code": "",
    "latitude": "18.4413",
    "longitude": "-66.1182"
  },
  {
    "country_code": "PR",
    "zipcode": "00736",
    "place": "Cayey",
    "state": "Cayey",
    "state_code": "035",
    "province": "",
    "province_code": "",
    "community": "",
    "community_code": "",
    "latitude": "18.1119",
    "longitude": "-66.166"
  },
  {
    "country_code": "PR",
    "zipcode": "00737",
    "place": "Cayey",
    "state": "Cayey",
    "state_code": "035",
    "province": "",
    "province_code": "",
    "community": "",
    "community_code": "",
    "latitude": "18.1119",
    "longitude": "-66.166"
  },
  {
    "country_code": "PR",
    "zipcode": "00735",
    "place": "Ceiba",
    "state": "Ceiba",
    "state_code": "037",
    "province": "",
    "province_code": "",
    "community": "",
    "community_code": "",
    "latitude": "18.2641",
    "longitude": "-65.6485"
  },
  {
    "country_code": "PR",
    "zipcode": "00742",
    "place": "Roosevelt Roads",
    "state": "Ceiba",
    "state_code": "037",
    "province": "",
    "province_code": "",
    "community": "",
    "community_code": "",
    "latitude": "18.235",
    "longitude": "-65.6291"
  },
  {
    "country_code": "PR",
    "zipcode": "00638",
    "place": "Ciales",
    "state": "Ciales",
    "state_code": "039",
    "province": "",
    "province_code": "",
    "community": "",
    "community_code": "",
    "latitude": "18.3361",
    "longitude": "-66.4688"
  },
  {
    "country_code": "PR",
    "zipcode": "00739",
    "place": "Cidra",
    "state": "Cidra",
    "state_code": "041",
    "province": "",
    "province_code": "",
    "community": "",
    "community_code": "",
    "latitude": "18.1758",
    "longitude": "-66.1613"
  },
  {
    "country_code": "PR",
    "zipcode": "00769",
    "place": "Coamo",
    "state": "Coamo",
    "state_code": "043",
    "province": "",
    "province_code": "",
    "community": "",
    "community_code": "",
    "latitude": "18.08",
    "longitude": "-66.3579"
  },
  {
    "country_code": "PR",
    "zipcode": "00782",
    "place": "Comerio",
    "state": "Comerio",
    "state_code": "045",
    "province": "",
    "province_code": "",
    "community": "",
    "community_code": "",
    "latitude": "18.218",
    "longitude": "-66.226"
  },
  {
    "country_code": "PR",
    "zipcode": "00783",
    "place": "Corozal",
    "state": "Corozal",
    "state_code": "047",
    "province": "",
    "province_code": "",
    "community": "",
    "community_code": "",
    "latitude": "18.3411",
    "longitude": "-66.3168"
  },
  {
    "country_code": "PR",
    "zipcode": "00775",
    "place": "Culebra",
    "state": "Culebra",
    "state_code": "049",
    "province": "",
    "province_code": "",
    "community": "",
    "community_code": "",
    "latitude": "18.303",
    "longitude": "-65.301"
  },
  {
    "country_code": "PR",
    "zipcode": "00646",
    "place": "Dorado",
    "state": "Dorado",
    "state_code": "051",
    "province": "",
    "province_code": "",
    "community": "",
    "community_code": "",
    "latitude": "18.4588",
    "longitude": "-66.2677"
  },
  {
    "country_code": "PR",
    "zipcode": "00738",
    "place": "Fajardo",
    "state": "Fajardo",
    "state_code": "053",
    "province": "",
    "province_code": "",
    "community": "",
    "community_code": "",
    "latitude": "18.3258",
    "longitude": "-65.6524"
  },
  {
    "country_code": "PR",
    "zipcode": "00740",
    "place": "Puerto Real",
    "state": "Fajardo",
    "state_code": "053",
    "province": "",
    "province_code": "",
    "community": "",
    "community_code": "",
    "latitude": "18.25",
    "longitude": "-65.7493"
  },
  {
    "country_code": "PR",
    "zipcode": "00650",
    "place": "Florida",
    "state": "Florida",
    "state_code": "054",
    "province": "",
    "province_code": "",
    "community": "",
    "community_code": "",
    "latitude": "18.3624",
    "longitude": "-66.5613"
  },
  {
    "country_code": "PR",
    "zipcode": "00647",
    "place": "Ensenada",
    "state": "Guanica",
    "state_code": "055",
    "province": "",
    "province_code": "",
    "community": "",
    "community_code": "",
    "latitude": "17.9689",
    "longitude": "-66.9335"
  },
  {
    "country_code": "PR",
    "zipcode": "00653",
    "place": "Guanica",
    "state": "Guanica",
    "state_code": "055",
    "province": "",
    "province_code": "",
    "community": "",
    "community_code": "",
    "latitude": "17.9716",
    "longitude": "-66.908"
  },
  {
    "country_code": "PR",
    "zipcode": "00704",
    "place": "Aguirre",
    "state": "Guayama",
    "state_code": "057",
    "province": "",
    "province_code": "",
    "community": "",
    "community_code": "",
    "latitude": "17.9529",
    "longitude": "-66.262"
  },
  {
    "country_code": "PR",
    "zipcode": "00784",
    "place": "Guayama",
    "state": "Guayama",
    "state_code": "057",
    "province": "",
    "province_code": "",
    "community": "",
    "community_code": "",
    "latitude": "17.9841",
    "longitude": "-66.1138"
  },
  {
    "country_code": "PR",
    "zipcode": "00656",
    "place": "Guayanilla",
    "state": "Guayanilla",
    "state_code": "059",
    "province": "",
    "province_code": "",
    "community": "",
    "community_code": "",
    "latitude": "18.0191",
    "longitude": "-66.7918"
  },
  {
    "country_code": "PR",
    "zipcode": "00785",
    "place": "Guayama",
    "state": "Guayanilla",
    "state_code": "059",
    "province": "",
    "province_code": "",
    "community": "",
    "community_code": "",
    "latitude": "17.9841",
    "longitude": "-66.1138"
  },
  {
    "country_code": "PR",
    "zipcode": "00965",
    "place": "Guaynabo",
    "state": "Guaynabo",
    "state_code": "061",
    "province": "",
    "province_code": "",
    "community": "",
    "community_code": "",
    "latitude": "18.3575",
    "longitude": "-66.111"
  },
  {
    "country_code": "PR",
    "zipcode": "00966",
    "place": "Guaynabo",
    "state": "Guaynabo",
    "state_code": "061",
    "province": "",
    "province_code": "",
    "community": "",
    "community_code": "",
    "latitude": "18.3575",
    "longitude": "-66.111"
  },
  {
    "country_code": "PR",
    "zipcode": "00969",
    "place": "Guaynabo",
    "state": "Guaynabo",
    "state_code": "061",
    "province": "",
    "province_code": "",
    "community": "",
    "community_code": "",
    "latitude": "18.3575",
    "longitude": "-66.111"
  },
  {
    "country_code": "PR",
    "zipcode": "00970",
    "place": "Guaynabo",
    "state": "Guaynabo",
    "state_code": "061",
    "province": "",
    "province_code": "",
    "community": "",
    "community_code": "",
    "latitude": "18.3575",
    "longitude": "-66.111"
  },
  {
    "country_code": "PR",
    "zipcode": "00971",
    "place": "Guaynabo",
    "state": "Guaynabo",
    "state_code": "061",
    "province": "",
    "province_code": "",
    "community": "",
    "community_code": "",
    "latitude": "18.3575",
    "longitude": "-66.111"
  },
  {
    "country_code": "PR",
    "zipcode": "00778",
    "place": "Gurabo",
    "state": "Gurabo",
    "state_code": "063",
    "province": "",
    "province_code": "",
    "community": "",
    "community_code": "",
    "latitude": "18.2544",
    "longitude": "-65.9729"
  },
  {
    "country_code": "PR",
    "zipcode": "00659",
    "place": "Hatillo",
    "state": "Hatillo",
    "state_code": "065",
    "province": "",
    "province_code": "",
    "community": "",
    "community_code": "",
    "latitude": "18.4863",
    "longitude": "-66.8255"
  },
  {
    "country_code": "PR",
    "zipcode": "00660",
    "place": "Hormigueros",
    "state": "Hormigueros",
    "state_code": "067",
    "province": "",
    "province_code": "",
    "community": "",
    "community_code": "",
    "latitude": "18.1397",
    "longitude": "-67.1274"
  },
  {
    "country_code": "PR",
    "zipcode": "00741",
    "place": "Punta Santiago",
    "state": "Humacao",
    "state_code": "069",
    "province": "",
    "province_code": "",
    "community": "",
    "community_code": "",
    "latitude": "18.1663",
    "longitude": "-65.7482"
  },
  {
    "country_code": "PR",
    "zipcode": "00791",
    "place": "Humacao",
    "state": "Humacao",
    "state_code": "069",
    "province": "",
    "province_code": "",
    "community": "",
    "community_code": "",
    "latitude": "18.1497",
    "longitude": "-65.8274"
  },
  {
    "country_code": "PR",
    "zipcode": "00792",
    "place": "Humacao",
    "state": "Humacao",
    "state_code": "069",
    "province": "",
    "province_code": "",
    "community": "",
    "community_code": "",
    "latitude": "18.1497",
    "longitude": "-65.8274"
  },
  {
    "country_code": "PR",
    "zipcode": "00662",
    "place": "Isabela",
    "state": "Isabela",
    "state_code": "071",
    "province": "",
    "province_code": "",
    "community": "",
    "community_code": "",
    "latitude": "18.5008",
    "longitude": "-67.0243"
  },
  {
    "country_code": "PR",
    "zipcode": "00664",
    "place": "Jayuya",
    "state": "Jayuya",
    "state_code": "073",
    "province": "",
    "province_code": "",
    "community": "",
    "community_code": "",
    "latitude": "18.2186",
    "longitude": "-66.5916"
  },
  {
    "country_code": "PR",
    "zipcode": "00795",
    "place": "Juana Diaz",
    "state": "Juana Diaz",
    "state_code": "075",
    "province": "",
    "province_code": "",
    "community": "",
    "community_code": "",
    "latitude": "18.0525",
    "longitude": "-66.5066"
  },
  {
    "country_code": "PR",
    "zipcode": "00777",
    "place": "Juncos",
    "state": "Juncos",
    "state_code": "077",
    "province": "",
    "province_code": "",
    "community": "",
    "community_code": "",
    "latitude": "18.2275",
    "longitude": "-65.921"
  },
  {
    "country_code": "PR",
    "zipcode": "00667",
    "place": "Lajas",
    "state": "Lajas",
    "state_code": "079",
    "province": "",
    "province_code": "",
    "community": "",
    "community_code": "",
    "latitude": "18.05",
    "longitude": "-67.0593"
  },
  {
    "country_code": "PR",
    "zipcode": "00631",
    "place": "Castaner",
    "state": "Lares",
    "state_code": "081",
    "province": "",
    "province_code": "",
    "community": "",
    "community_code": "",
    "latitude": "18.1805",
    "longitude": "-66.8321"
  },
  {
    "country_code": "PR",
    "zipcode": "00669",
    "place": "Lares",
    "state": "Lares",
    "state_code": "081",
    "province": "",
    "province_code": "",
    "community": "",
    "community_code": "",
    "latitude": "18.2947",
    "longitude": "-66.8771"
  },
  {
    "country_code": "PR",
    "zipcode": "00670",
    "place": "Las Marias",
    "state": "Las Marias",
    "state_code": "083",
    "province": "",
    "province_code": "",
    "community": "",
    "community_code": "",
    "latitude": "18.2519",
    "longitude": "-66.9921"
  },
  {
    "country_code": "PR",
    "zipcode": "00771",
    "place": "Las Piedras",
    "state": "Las Piedras",
    "state_code": "085",
    "province": "",
    "province_code": "",
    "community": "",
    "community_code": "",
    "latitude": "18.183",
    "longitude": "-65.8663"
  },
  {
    "country_code": "PR",
    "zipcode": "00772",
    "place": "Loiza",
    "state": "Loiza",
    "state_code": "087",
    "province": "",
    "province_code": "",
    "community": "",
    "community_code": "",
    "latitude": "18.4313",
    "longitude": "-65.8802"
  },
  {
    "country_code": "PR",
    "zipcode": "00773",
    "place": "Luquillo",
    "state": "Luquillo",
    "state_code": "089",
    "province": "",
    "province_code": "",
    "community": "",
    "community_code": "",
    "latitude": "18.3725",
    "longitude": "-65.7166"
  },
  {
    "country_code": "PR",
    "zipcode": "00674",
    "place": "Manati",
    "state": "Manati",
    "state_code": "091",
    "province": "",
    "province_code": "",
    "community": "",
    "community_code": "",
    "latitude": "18.4274",
    "longitude": "-66.4921"
  },
  {
    "country_code": "PR",
    "zipcode": "00606",
    "place": "Maricao",
    "state": "Maricao",
    "state_code": "093",
    "province": "",
    "province_code": "",
    "community": "",
    "community_code": "",
    "latitude": "18.1808",
    "longitude": "-66.9799"
  },
  {
    "country_code": "PR",
    "zipcode": "00707",
    "place": "Maunabo",
    "state": "Maunabo",
    "state_code": "095",
    "province": "",
    "province_code": "",
    "community": "",
    "community_code": "",
    "latitude": "18.0072",
    "longitude": "-65.8993"
  },
  {
    "country_code": "PR",
    "zipcode": "00680",
    "place": "Mayaguez",
    "state": "Mayaguez",
    "state_code": "097",
    "province": "",
    "province_code": "",
    "community": "",
    "community_code": "",
    "latitude": "18.2011",
    "longitude": "-67.1396"
  },
  {
    "country_code": "PR",
    "zipcode": "00681",
    "place": "Mayaguez",
    "state": "Mayaguez",
    "state_code": "097",
    "province": "",
    "province_code": "",
    "community": "",
    "community_code": "",
    "latitude": "18.2011",
    "longitude": "-67.1396"
  },
  {
    "country_code": "PR",
    "zipcode": "00682",
    "place": "Mayaguez",
    "state": "Mayaguez",
    "state_code": "097",
    "province": "",
    "province_code": "",
    "community": "",
    "community_code": "",
    "latitude": "18.2011",
    "longitude": "-67.1396"
  },
  {
    "country_code": "PR",
    "zipcode": "00676",
    "place": "Moca",
    "state": "Moca",
    "state_code": "099",
    "province": "",
    "province_code": "",
    "community": "",
    "community_code": "",
    "latitude": "18.3947",
    "longitude": "-67.1132"
  },
  {
    "country_code": "PR",
    "zipcode": "00687",
    "place": "Morovis",
    "state": "Morovis",
    "state_code": "101",
    "province": "",
    "province_code": "",
    "community": "",
    "community_code": "",
    "latitude": "18.3258",
    "longitude": "-66.4066"
  },
  {
    "country_code": "PR",
    "zipcode": "00718",
    "place": "Naguabo",
    "state": "Naguabo",
    "state_code": "103",
    "province": "",
    "province_code": "",
    "community": "",
    "community_code": "",
    "latitude": "18.2116",
    "longitude": "-65.7349"
  },
  {
    "country_code": "PR",
    "zipcode": "00744",
    "place": "Rio Blanco",
    "state": "Naguabo",
    "state_code": "103",
    "province": "",
    "province_code": "",
    "community": "",
    "community_code": "",
    "latitude": "18.2183",
    "longitude": "-65.7885"
  },
  {
    "country_code": "PR",
    "zipcode": "00719",
    "place": "Naranjito",
    "state": "Naranjito",
    "state_code": "105",
    "province": "",
    "province_code": "",
    "community": "",
    "community_code": "",
    "latitude": "18.3008",
    "longitude": "-66.2449"
  },
  {
    "country_code": "PR",
    "zipcode": "00720",
    "place": "Orocovis",
    "state": "Orocovis",
    "state_code": "107",
    "province": "",
    "province_code": "",
    "community": "",
    "community_code": "",
    "latitude": "18.2269",
    "longitude": "-66.391"
  },
  {
    "country_code": "PR",
    "zipcode": "00723",
    "place": "Patillas",
    "state": "Patillas",
    "state_code": "109",
    "province": "",
    "province_code": "",
    "community": "",
    "community_code": "",
    "latitude": "18.0064",
    "longitude": "-66.0157"
  },
  {
    "country_code": "PR",
    "zipcode": "00624",
    "place": "Penuelas",
    "state": "Penuelas",
    "state_code": "111",
    "province": "",
    "province_code": "",
    "community": "",
    "community_code": "",
    "latitude": "18.0564",
    "longitude": "-66.7216"
  },
  {
    "country_code": "PR",
    "zipcode": "00715",
    "place": "Mercedita",
    "state": "Ponce",
    "state_code": "113",
    "province": "",
    "province_code": "",
    "community": "",
    "community_code": "",
    "latitude": "18.011",
    "longitude": "-66.5632"
  },
  {
    "country_code": "PR",
    "zipcode": "00716",
    "place": "Ponce",
    "state": "Ponce",
    "state_code": "113",
    "province": "",
    "province_code": "",
    "community": "",
    "community_code": "",
    "latitude": "18.0111",
    "longitude": "-66.6141"
  },
  {
    "country_code": "PR",
    "zipcode": "00717",
    "place": "Ponce",
    "state": "Ponce",
    "state_code": "113",
    "province": "",
    "province_code": "",
    "community": "",
    "community_code": "",
    "latitude": "18.0111",
    "longitude": "-66.6141"
  },
  {
    "country_code": "PR",
    "zipcode": "00728",
    "place": "Ponce",
    "state": "Ponce",
    "state_code": "113",
    "province": "",
    "province_code": "",
    "community": "",
    "community_code": "",
    "latitude": "18.0111",
    "longitude": "-66.6141"
  },
  {
    "country_code": "PR",
    "zipcode": "00730",
    "place": "Ponce",
    "state": "Ponce",
    "state_code": "113",
    "province": "",
    "province_code": "",
    "community": "",
    "community_code": "",
    "latitude": "18.0111",
    "longitude": "-66.6141"
  },
  {
    "country_code": "PR",
    "zipcode": "00731",
    "place": "Ponce",
    "state": "Ponce",
    "state_code": "113",
    "province": "",
    "province_code": "",
    "community": "",
    "community_code": "",
    "latitude": "18.0111",
    "longitude": "-66.6141"
  },
  {
    "country_code": "PR",
    "zipcode": "00732",
    "place": "Ponce",
    "state": "Ponce",
    "state_code": "113",
    "province": "",
    "province_code": "",
    "community": "",
    "community_code": "",
    "latitude": "18.0111",
    "longitude": "-66.6141"
  },
  {
    "country_code": "PR",
    "zipcode": "00733",
    "place": "Ponce",
    "state": "Ponce",
    "state_code": "113",
    "province": "",
    "province_code": "",
    "community": "",
    "community_code": "",
    "latitude": "18.0111",
    "longitude": "-66.6141"
  },
  {
    "country_code": "PR",
    "zipcode": "00734",
    "place": "Ponce",
    "state": "Ponce",
    "state_code": "113",
    "province": "",
    "province_code": "",
    "community": "",
    "community_code": "",
    "latitude": "18.0111",
    "longitude": "-66.6141"
  },
  {
    "country_code": "PR",
    "zipcode": "00780",
    "place": "Coto Laurel",
    "state": "Ponce",
    "state_code": "113",
    "province": "",
    "province_code": "",
    "community": "",
    "community_code": "",
    "latitude": "18.0497",
    "longitude": "-66.5513"
  },
  {
    "country_code": "PR",
    "zipcode": "00678",
    "place": "Quebradillas",
    "state": "Quebradillas",
    "state_code": "115",
    "province": "",
    "province_code": "",
    "community": "",
    "community_code": "",
    "latitude": "18.4738",
    "longitude": "-66.9385"
  },
  {
    "country_code": "PR",
    "zipcode": "00677",
    "place": "Rincon",
    "state": "Rincon",
    "state_code": "117",
    "province": "",
    "province_code": "",
    "community": "",
    "community_code": "",
    "latitude": "18.3402",
    "longitude": "-67.2499"
  },
  {
    "country_code": "PR",
    "zipcode": "00721",
    "place": "Palmer",
    "state": "Rio Grande",
    "state_code": "119",
    "province": "",
    "province_code": "",
    "community": "",
    "community_code": "",
    "latitude": "18.3705",
    "longitude": "-65.7741"
  },
  {
    "country_code": "PR",
    "zipcode": "00745",
    "place": "Rio Grande",
    "state": "Rio Grande",
    "state_code": "119",
    "province": "",
    "province_code": "",
    "community": "",
    "community_code": "",
    "latitude": "18.3802",
    "longitude": "-65.8313"
  },
  {
    "country_code": "PR",
    "zipcode": "00637",
    "place": "Sabana Grande",
    "state": "Sabana Grande",
    "state_code": "121",
    "province": "",
    "province_code": "",
    "community": "",
    "community_code": "",
    "latitude": "18.0777",
    "longitude": "-66.9605"
  },
  {
    "country_code": "PR",
    "zipcode": "00751",
    "place": "Salinas",
    "state": "Salinas",
    "state_code": "123",
    "province": "",
    "province_code": "",
    "community": "",
    "community_code": "",
    "latitude": "17.9775",
    "longitude": "-66.2979"
  },
  {
    "country_code": "PR",
    "zipcode": "00636",
    "place": "Rosario",
    "state": "San German",
    "state_code": "125",
    "province": "",
    "province_code": "",
    "community": "",
    "community_code": "",
    "latitude": "18.1625",
    "longitude": "-67.0791"
  },
  {
    "country_code": "PR",
    "zipcode": "00683",
    "place": "San German",
    "state": "San German",
    "state_code": "125",
    "province": "",
    "province_code": "",
    "community": "",
    "community_code": "",
    "latitude": "18.0816",
    "longitude": "-67.0449"
  },
  {
    "country_code": "PR",
    "zipcode": "00901",
    "place": "San Juan",
    "state": "San Juan",
    "state_code": "127",
    "province": "",
    "province_code": "",
    "community": "",
    "community_code": "",
    "latitude": "18.4663",
    "longitude": "-66.1057"
  },
  {
    "country_code": "PR",
    "zipcode": "00902",
    "place": "San Juan",
    "state": "San Juan",
    "state_code": "127",
    "province": "",
    "province_code": "",
    "community": "",
    "community_code": "",
    "latitude": "18.4663",
    "longitude": "-66.1057"
  },
  {
    "country_code": "PR",
    "zipcode": "00906",
    "place": "San Juan",
    "state": "San Juan",
    "state_code": "127",
    "province": "",
    "province_code": "",
    "community": "",
    "community_code": "",
    "latitude": "18.4663",
    "longitude": "-66.1057"
  },
  {
    "country_code": "PR",
    "zipcode": "00907",
    "place": "San Juan",
    "state": "San Juan",
    "state_code": "127",
    "province": "",
    "province_code": "",
    "community": "",
    "community_code": "",
    "latitude": "18.4663",
    "longitude": "-66.1057"
  },
  {
    "country_code": "PR",
    "zipcode": "00908",
    "place": "San Juan",
    "state": "San Juan",
    "state_code": "127",
    "province": "",
    "province_code": "",
    "community": "",
    "community_code": "",
    "latitude": "18.4663",
    "longitude": "-66.1057"
  },
  {
    "country_code": "PR",
    "zipcode": "00909",
    "place": "San Juan",
    "state": "San Juan",
    "state_code": "127",
    "province": "",
    "province_code": "",
    "community": "",
    "community_code": "",
    "latitude": "18.4663",
    "longitude": "-66.1057"
  },
  {
    "country_code": "PR",
    "zipcode": "00910",
    "place": "San Juan",
    "state": "San Juan",
    "state_code": "127",
    "province": "",
    "province_code": "",
    "community": "",
    "community_code": "",
    "latitude": "18.4663",
    "longitude": "-66.1057"
  },
  {
    "country_code": "PR",
    "zipcode": "00911",
    "place": "San Juan",
    "state": "San Juan",
    "state_code": "127",
    "province": "",
    "province_code": "",
    "community": "",
    "community_code": "",
    "latitude": "18.4663",
    "longitude": "-66.1057"
  },
  {
    "country_code": "PR",
    "zipcode": "00912",
    "place": "San Juan",
    "state": "San Juan",
    "state_code": "127",
    "province": "",
    "province_code": "",
    "community": "",
    "community_code": "",
    "latitude": "18.4663",
    "longitude": "-66.1057"
  },
  {
    "country_code": "PR",
    "zipcode": "00913",
    "place": "San Juan",
    "state": "San Juan",
    "state_code": "127",
    "province": "",
    "province_code": "",
    "community": "",
    "community_code": "",
    "latitude": "18.4663",
    "longitude": "-66.1057"
  },
  {
    "country_code": "PR",
    "zipcode": "00914",
    "place": "San Juan",
    "state": "San Juan",
    "state_code": "127",
    "province": "",
    "province_code": "",
    "community": "",
    "community_code": "",
    "latitude": "18.4663",
    "longitude": "-66.1057"
  },
  {
    "country_code": "PR",
    "zipcode": "00915",
    "place": "San Juan",
    "state": "San Juan",
    "state_code": "127",
    "province": "",
    "province_code": "",
    "community": "",
    "community_code": "",
    "latitude": "18.4663",
    "longitude": "-66.1057"
  },
  {
    "country_code": "PR",
    "zipcode": "00916",
    "place": "San Juan",
    "state": "San Juan",
    "state_code": "127",
    "province": "",
    "province_code": "",
    "community": "",
    "community_code": "",
    "latitude": "18.4663",
    "longitude": "-66.1057"
  },
  {
    "country_code": "PR",
    "zipcode": "00917",
    "place": "San Juan",
    "state": "San Juan",
    "state_code": "127",
    "province": "",
    "province_code": "",
    "community": "",
    "community_code": "",
    "latitude": "18.4663",
    "longitude": "-66.1057"
  },
  {
    "country_code": "PR",
    "zipcode": "00918",
    "place": "San Juan",
    "state": "San Juan",
    "state_code": "127",
    "province": "",
    "province_code": "",
    "community": "",
    "community_code": "",
    "latitude": "18.4663",
    "longitude": "-66.1057"
  },
  {
    "country_code": "PR",
    "zipcode": "00919",
    "place": "San Juan",
    "state": "San Juan",
    "state_code": "127",
    "province": "",
    "province_code": "",
    "community": "",
    "community_code": "",
    "latitude": "18.4663",
    "longitude": "-66.1057"
  },
  {
    "country_code": "PR",
    "zipcode": "00920",
    "place": "San Juan",
    "state": "San Juan",
    "state_code": "127",
    "province": "",
    "province_code": "",
    "community": "",
    "community_code": "",
    "latitude": "18.4663",
    "longitude": "-66.1057"
  },
  {
    "country_code": "PR",
    "zipcode": "00921",
    "place": "San Juan",
    "state": "San Juan",
    "state_code": "127",
    "province": "",
    "province_code": "",
    "community": "",
    "community_code": "",
    "latitude": "18.4663",
    "longitude": "-66.1057"
  },
  {
    "country_code": "PR",
    "zipcode": "00922",
    "place": "San Juan",
    "state": "San Juan",
    "state_code": "127",
    "province": "",
    "province_code": "",
    "community": "",
    "community_code": "",
    "latitude": "18.4663",
    "longitude": "-66.1057"
  },
  {
    "country_code": "PR",
    "zipcode": "00923",
    "place": "San Juan",
    "state": "San Juan",
    "state_code": "127",
    "province": "",
    "province_code": "",
    "community": "",
    "community_code": "",
    "latitude": "18.4663",
    "longitude": "-66.1057"
  },
  {
    "country_code": "PR",
    "zipcode": "00924",
    "place": "San Juan",
    "state": "San Juan",
    "state_code": "127",
    "province": "",
    "province_code": "",
    "community": "",
    "community_code": "",
    "latitude": "18.4663",
    "longitude": "-66.1057"
  },
  {
    "country_code": "PR",
    "zipcode": "00925",
    "place": "San Juan",
    "state": "San Juan",
    "state_code": "127",
    "province": "",
    "province_code": "",
    "community": "",
    "community_code": "",
    "latitude": "18.4663",
    "longitude": "-66.1057"
  },
  {
    "country_code": "PR",
    "zipcode": "00926",
    "place": "San Juan",
    "state": "San Juan",
    "state_code": "127",
    "province": "",
    "province_code": "",
    "community": "",
    "community_code": "",
    "latitude": "18.4663",
    "longitude": "-66.1057"
  },
  {
    "country_code": "PR",
    "zipcode": "00927",
    "place": "San Juan",
    "state": "San Juan",
    "state_code": "127",
    "province": "",
    "province_code": "",
    "community": "",
    "community_code": "",
    "latitude": "18.4663",
    "longitude": "-66.1057"
  },
  {
    "country_code": "PR",
    "zipcode": "00928",
    "place": "San Juan",
    "state": "San Juan",
    "state_code": "127",
    "province": "",
    "province_code": "",
    "community": "",
    "community_code": "",
    "latitude": "18.4663",
    "longitude": "-66.1057"
  },
  {
    "country_code": "PR",
    "zipcode": "00929",
    "place": "San Juan",
    "state": "San Juan",
    "state_code": "127",
    "province": "",
    "province_code": "",
    "community": "",
    "community_code": "",
    "latitude": "18.4663",
    "longitude": "-66.1057"
  },
  {
    "country_code": "PR",
    "zipcode": "00930",
    "place": "San Juan",
    "state": "San Juan",
    "state_code": "127",
    "province": "",
    "province_code": "",
    "community": "",
    "community_code": "",
    "latitude": "18.4663",
    "longitude": "-66.1057"
  },
  {
    "country_code": "PR",
    "zipcode": "00931",
    "place": "San Juan",
    "state": "San Juan",
    "state_code": "127",
    "province": "",
    "province_code": "",
    "community": "",
    "community_code": "",
    "latitude": "18.4663",
    "longitude": "-66.1057"
  },
  {
    "country_code": "PR",
    "zipcode": "00933",
    "place": "San Juan",
    "state": "San Juan",
    "state_code": "127",
    "province": "",
    "province_code": "",
    "community": "",
    "community_code": "",
    "latitude": "18.4663",
    "longitude": "-66.1057"
  },
  {
    "country_code": "PR",
    "zipcode": "00935",
    "place": "San Juan",
    "state": "San Juan",
    "state_code": "127",
    "province": "",
    "province_code": "",
    "community": "",
    "community_code": "",
    "latitude": "18.4663",
    "longitude": "-66.1057"
  },
  {
    "country_code": "PR",
    "zipcode": "00936",
    "place": "San Juan",
    "state": "San Juan",
    "state_code": "127",
    "province": "",
    "province_code": "",
    "community": "",
    "community_code": "",
    "latitude": "18.4663",
    "longitude": "-66.1057"
  },
  {
    "country_code": "PR",
    "zipcode": "00937",
    "place": "San Juan",
    "state": "San Juan",
    "state_code": "127",
    "province": "",
    "province_code": "",
    "community": "",
    "community_code": "",
    "latitude": "18.4663",
    "longitude": "-66.1057"
  },
  {
    "country_code": "PR",
    "zipcode": "00938",
    "place": "San Juan",
    "state": "San Juan",
    "state_code": "127",
    "province": "",
    "province_code": "",
    "community": "",
    "community_code": "",
    "latitude": "18.4663",
    "longitude": "-66.1057"
  },
  {
    "country_code": "PR",
    "zipcode": "00939",
    "place": "San Juan",
    "state": "San Juan",
    "state_code": "127",
    "province": "",
    "province_code": "",
    "community": "",
    "community_code": "",
    "latitude": "18.4663",
    "longitude": "-66.1057"
  },
  {
    "country_code": "PR",
    "zipcode": "00940",
    "place": "San Juan",
    "state": "San Juan",
    "state_code": "127",
    "province": "",
    "province_code": "",
    "community": "",
    "community_code": "",
    "latitude": "18.4663",
    "longitude": "-66.1057"
  },
  {
    "country_code": "PR",
    "zipcode": "00955",
    "place": "San Juan",
    "state": "San Juan",
    "state_code": "127",
    "province": "",
    "province_code": "",
    "community": "",
    "community_code": "",
    "latitude": "18.4663",
    "longitude": "-66.1057"
  },
  {
    "country_code": "PR",
    "zipcode": "00968",
    "place": "Guaynabo",
    "state": "San Juan",
    "state_code": "127",
    "province": "",
    "province_code": "",
    "community": "",
    "community_code": "",
    "latitude": "18.3575",
    "longitude": "-66.111"
  },
  {
    "country_code": "PR",
    "zipcode": "00975",
    "place": "San Juan",
    "state": "San Juan",
    "state_code": "127",
    "province": "",
    "province_code": "",
    "community": "",
    "community_code": "",
    "latitude": "18.4663",
    "longitude": "-66.1057"
  },
  {
    "country_code": "PR",
    "zipcode": "00979",
    "place": "Carolina",
    "state": "San Juan",
    "state_code": "127",
    "province": "",
    "province_code": "",
    "community": "",
    "community_code": "",
    "latitude": "18.3808",
    "longitude": "-65.9574"
  },
  {
    "country_code": "PR",
    "zipcode": "00981",
    "place": "Carolina",
    "state": "San Juan",
    "state_code": "127",
    "province": "",
    "province_code": "",
    "community": "",
    "community_code": "",
    "latitude": "18.3808",
    "longitude": "-65.9574"
  },
  {
    "country_code": "PR",
    "zipcode": "00982",
    "place": "Carolina",
    "state": "San Juan",
    "state_code": "127",
    "province": "",
    "province_code": "",
    "community": "",
    "community_code": "",
    "latitude": "18.3808",
    "longitude": "-65.9574"
  },
  {
    "country_code": "PR",
    "zipcode": "00754",
    "place": "San Lorenzo",
    "state": "San Lorenzo",
    "state_code": "129",
    "province": "",
    "province_code": "",
    "community": "",
    "community_code": "",
    "latitude": "18.1894",
    "longitude": "-65.961"
  },
  {
    "country_code": "PR",
    "zipcode": "00685",
    "place": "San Sebastian",
    "state": "San Sebastian",
    "state_code": "131",
    "province": "",
    "province_code": "",
    "community": "",
    "community_code": "",
    "latitude": "18.3366",
    "longitude": "-66.9902"
  },
  {
    "country_code": "PR",
    "zipcode": "00757",
    "place": "Santa Isabel",
    "state": "Santa Isabel",
    "state_code": "133",
    "province": "",
    "province_code": "",
    "community": "",
    "community_code": "",
    "latitude": "17.9661",
    "longitude": "-66.4049"
  },
  {
    "country_code": "PR",
    "zipcode": "00953",
    "place": "Toa Alta",
    "state": "Toa Alta",
    "state_code": "135",
    "province": "",
    "province_code": "",
    "community": "",
    "community_code": "",
    "latitude": "18.3883",
    "longitude": "-66.2482"
  },
  {
    "country_code": "PR",
    "zipcode": "00954",
    "place": "Toa Alta",
    "state": "Toa Alta",
    "state_code": "135",
    "province": "",
    "province_code": "",
    "community": "",
    "community_code": "",
    "latitude": "18.3883",
    "longitude": "-66.2482"
  },
  {
    "country_code": "PR",
    "zipcode": "00949",
    "place": "Toa Baja",
    "state": "Toa Baja",
    "state_code": "137",
    "province": "",
    "province_code": "",
    "community": "",
    "community_code": "",
    "latitude": "18.4438",
    "longitude": "-66.2596"
  },
  {
    "country_code": "PR",
    "zipcode": "00950",
    "place": "Toa Baja",
    "state": "Toa Baja",
    "state_code": "137",
    "province": "",
    "province_code": "",
    "community": "",
    "community_code": "",
    "latitude": "18.4438",
    "longitude": "-66.2596"
  },
  {
    "country_code": "PR",
    "zipcode": "00951",
    "place": "Toa Baja",
    "state": "Toa Baja",
    "state_code": "137",
    "province": "",
    "province_code": "",
    "community": "",
    "community_code": "",
    "latitude": "18.4438",
    "longitude": "-66.2596"
  },
  {
    "country_code": "PR",
    "zipcode": "00952",
    "place": "Sabana Seca",
    "state": "Toa Baja",
    "state_code": "137",
    "province": "",
    "province_code": "",
    "community": "",
    "community_code": "",
    "latitude": "18.4269",
    "longitude": "-66.1846"
  },
  {
    "country_code": "PR",
    "zipcode": "00976",
    "place": "Trujillo Alto",
    "state": "Trujillo Alto",
    "state_code": "139",
    "province": "",
    "province_code": "",
    "community": "",
    "community_code": "",
    "latitude": "18.3547",
    "longitude": "-66.0074"
  },
  {
    "country_code": "PR",
    "zipcode": "00977",
    "place": "Trujillo Alto",
    "state": "Trujillo Alto",
    "state_code": "139",
    "province": "",
    "province_code": "",
    "community": "",
    "community_code": "",
    "latitude": "18.3547",
    "longitude": "-66.0074"
  },
  {
    "country_code": "PR",
    "zipcode": "00978",
    "place": "St Just",
    "state": "Trujillo Alto",
    "state_code": "139",
    "province": "",
    "province_code": "",
    "community": "",
    "community_code": "",
    "latitude": "18.3786",
    "longitude": "-66.05"
  },
  {
    "country_code": "PR",
    "zipcode": "00611",
    "place": "Angeles",
    "state": "Utuado",
    "state_code": "141",
    "province": "",
    "province_code": "",
    "community": "",
    "community_code": "",
    "latitude": "18.285",
    "longitude": "-66.7993"
  },
  {
    "country_code": "PR",
    "zipcode": "00641",
    "place": "Utuado",
    "state": "Utuado",
    "state_code": "141",
    "province": "",
    "province_code": "",
    "community": "",
    "community_code": "",
    "latitude": "18.2655",
    "longitude": "-66.7005"
  },
  {
    "country_code": "PR",
    "zipcode": "00692",
    "place": "Vega Alta",
    "state": "Vega Alta",
    "state_code": "143",
    "province": "",
    "province_code": "",
    "community": "",
    "community_code": "",
    "latitude": "18.4122",
    "longitude": "-66.3313"
  },
  {
    "country_code": "PR",
    "zipcode": "00693",
    "place": "Vega Baja",
    "state": "Vega Baja",
    "state_code": "145",
    "province": "",
    "province_code": "",
    "community": "",
    "community_code": "",
    "latitude": "18.4444",
    "longitude": "-66.3877"
  },
  {
    "country_code": "PR",
    "zipcode": "00694",
    "place": "Vega Baja",
    "state": "Vega Baja",
    "state_code": "145",
    "province": "",
    "province_code": "",
    "community": "",
    "community_code": "",
    "latitude": "18.4444",
    "longitude": "-66.3877"
  },
  {
    "country_code": "PR",
    "zipcode": "00765",
    "place": "Vieques",
    "state": "Vieques",
    "state_code": "147",
    "province": "",
    "province_code": "",
    "community": "",
    "community_code": "",
    "latitude": "18.0859",
    "longitude": "-66.2431"
  },
  {
    "country_code": "PR",
    "zipcode": "00766",
    "place": "Villalba",
    "state": "Villalba",
    "state_code": "149",
    "province": "",
    "province_code": "",
    "community": "",
    "community_code": "",
    "latitude": "18.1272",
    "longitude": "-66.4921"
  },
  {
    "country_code": "PR",
    "zipcode": "00767",
    "place": "Yabucoa",
    "state": "Yabucoa",
    "state_code": "151",
    "province": "",
    "province_code": "",
    "community": "",
    "community_code": "",
    "latitude": "18.0505",
    "longitude": "-65.8793"
  },
  {
    "country_code": "PR",
    "zipcode": "00698",
    "place": "Yauco",
    "state": "Yauco",
    "state_code": "153",
    "province": "",
    "province_code": "",
    "community": "",
    "community_code": "",
    "latitude": "18.035",
    "longitude": "-66.8499"
  }
]
