country_code,zipcode,place,state,state_code,province,province_code,community,community_code,latitude,longitude
PR,00601,Adjuntas,Adjuntas,001,"","","","",18.1627,-66.7221
PR,00602,Aguada,Aguada,003,"","","","",18.3794,-67.1882
PR,00603,Aguadilla,Aguadilla,005,"","","","",18.4274,-67.1541
PR,00604,Aguadilla,Aguadilla,005,"","","","",18.4274,-67.1541
PR,00605,Aguadilla,Aguadilla,005,"","","","",18.4274,-67.1541
PR,00690,San Antonio,Aguadilla,005,"","","","",18.4922,-67.0985
PR,00703,Aguas Buenas,Aguas Buenas,007,"","","","",18.2569,-66.1029
PR,00705,Aibonito,Aibonito,009,"","","","",18.14,-66.266
PR,00786,La Plata,Aibonito,009,"","","","",18.1544,-66.2329
PR,00610,Anasco,Anasco,011,"","","","",18.2827,-67.1396
PR,00612,Arecibo,Arecibo,013,"","","","",18.4724,-66.7157
PR,00613,Arecibo,Arecibo,013,"","","","",18.4724,-66.7157
PR,00614,Arecibo,Arecibo,013,"","","","",18.4724,-66.7157
PR,00616,Bajadero,Arecibo,013,"","","","",18.4266,-66.6832
PR,00652,Garrochales,Arecibo,013,"","","","",18.4577,-66.611
PR,00688,Sabana Hoyos,Arecibo,013,"","","","",18.4338,-66.6138
PR,00714,Arroyo,Arroyo,015,"","","","",17.9658,-66.0613
PR,00617,Barceloneta,Barceloneta,017,"","","","",18.4505,-66.5385
PR,00794,Barranquitas,Barranquitas,019,"","","","",18.1866,-66.3063
PR,00934,Fort Buchanan,Bayamon,021,"","","","",18.4122,-66.1221
PR,00956,Bayamon,Bayamon,021,"","","","",18.3986,-66.1557
PR,00957,Bayamon,Bayamon,021,"","","","",18.3986,-66.1557
PR,00958,Bayamon,Bayamon,021,"","","","",18.3986,-66.1557
PR,00959,Bayamon,Bayamon,021,"","","","",18.3986,-66.1557
PR,00960,Bayamon,Bayamon,021,"","","","",18.3986,-66.1557
PR,00961,Bayamon,Bayamon,021,"","","","",18.3986,-66.1557
PR,00622,Boqueron,Cabo Rojo,023,"","","","",18.0269,-67.1691
PR,00623,Cabo Rojo,Cabo Rojo,023,"","","","",18.0866,-67.1457
PR,00725,Caguas,Caguas,025,"","","","",18.2341,-66.0485
PR,00726,Caguas,Caguas,025,"","","","",18.2341,-66.0485
PR,00727,Caguas,Caguas,025,"","","","",18.2341,-66.0485
PR,00627,Camuy,Camuy,027,"","","","",18.4838,-66.8449
PR,00729,Canovanas,Canovanas,029,"","","","",18.3751,-65.8993
PR,00983,Carolina,Carolina,031,"","","","",18.3808,-65.9574
PR,00984,Carolina,Carolina,031,"","","","",18.3808,-65.9574
PR,00985,Carolina,Carolina,031,"","","","",18.3808,-65.9574
PR,00986,Carolina,Carolina,031,"","","","",18.3808,-65.9574
PR,00987,Carolina,Carolina,031,"","","","",18.3808,-65.9574
PR,00988,Carolina,Carolina,031,"","","","",18.3808,-65.9574
PR,00962,Catano,Catano,033,"","","","",18.4413,-66.1182
PR,00963,Catano,Catano,033,"","","","",18.4413,-66.1182
PR,00736,Cayey,Cayey,035,"","","","",18.1119,-66.166
PR,00737,Cayey,Cayey,035,"","","","",18.1119,-66.166
PR,00735,Ceiba,Ceiba,037,"","","","",18.2641,-65.6485
PR,00742,Roosevelt Roads,Ceiba,037,"","","","",18.235,-65.6291
PR,00638,Ciales,Ciales,039,"","","","",18.3361,-66.4688
PR,00739,Cidra,Cidra,041,"","","","",18.1758,-66.1613
PR,00769,Coamo,Coamo,043,"","","","",18.08,-66.3579
PR,00782,Comerio,Comerio,045,"","","","",18.218,-66.226
PR,00783,Corozal,Corozal,047,"","","","",18.3411,-66.3168
PR,00775,Culebra,Culebra,049,"","","","",18.303,-65.301
PR,00646,Dorado,Dorado,051,"","","","",18.4588,-66.2677
PR,00738,Fajardo,Fajardo,053,"","","","",18.3258,-65.6524
PR,00740,Puerto Real,Fajardo,053,"","","","",18.25,-65.7493
PR,00650,Florida,Florida,054,"","","","",18.3624,-66.5613
PR,00647,Ensenada,Guanica,055,"","","","",17.9689,-66.9335
PR,00653,Guanica,Guanica,055,"","","","",17.9716,-66.908
PR,00704,Aguirre,Guayama,057,"","","","",17.9529,-66.262
PR,00784,Guayama,Guayama,057,"","","","",17.9841,-66.1138
PR,00656,Guayanilla,Guayanilla,059,"","","","",18.0191,-66.7918
PR,00785,Guayama,Guayanilla,059,"","","","",17.9841,-66.1138
PR,00965,Guaynabo,Guaynabo,061,"","","","",18.3575,-66.111
PR,00966,Guaynabo,Guaynabo,061,"","","","",18.3575,-66.111
PR,00969,Guaynabo,Guaynabo,061,"","","","",18.3575,-66.111
PR,00970,Guaynabo,Guaynabo,061,"","","","",18.3575,-66.111
PR,00971,Guaynabo,Guaynabo,061,"","","","",18.3575,-66.111
PR,00778,Gurabo,Gurabo,063,"","","","",18.2544,-65.9729
PR,00659,Hatillo,Hatillo,065,"","","","",18.4863,-66.8255
PR,00660,Hormigueros,Hormigueros,067,"","","","",18.1397,-67.1274
PR,00741,Punta Santiago,Humacao,069,"","","","",18.1663,-65.7482
PR,00791,Humacao,Humacao,069,"","","","",18.1497,-65.8274
PR,00792,Humacao,Humacao,069,"","","","",18.1497,-65.8274
PR,00662,Isabela,Isabela,071,"","","","",18.5008,-67.0243
PR,00664,Jayuya,Jayuya,073,"","","","",18.2186,-66.5916
PR,00795,Juana Diaz,Juana Diaz,075,"","","","",18.0525,-66.5066
PR,00777,Juncos,Juncos,077,"","","","",18.2275,-65.921
PR,00667,Lajas,Lajas,079,"","","","",18.05,-67.0593
PR,00631,Castaner,Lares,081,"","","","",18.1805,-66.8321
PR,00669,Lares,Lares,081,"","","","",18.2947,-66.8771
PR,00670,Las Marias,Las Marias,083,"","","","",18.2519,-66.9921
PR,00771,Las Piedras,Las Piedras,085,"","","","",18.183,-65.8663
PR,00772,Loiza,Loiza,087,"","","","",18.4313,-65.8802
PR,00773,Luquillo,Luquillo,089,"","","","",18.3725,-65.7166
PR,00674,Manati,Manati,091,"","","","",18.4274,-66.4921
PR,00606,Maricao,Maricao,093,"","","","",18.1808,-66.9799
PR,00707,Maunabo,Maunabo,095,"","","","",18.0072,-65.8993
PR,00680,Mayaguez,Mayaguez,097,"","","","",18.2011,-67.1396
PR,00681,Mayaguez,Mayaguez,097,"","","","",18.2011,-67.1396
PR,00682,Mayaguez,Mayaguez,097,"","","","",18.2011,-67.1396
PR,00676,Moca,Moca,099,"","","","",18.3947,-67.1132
PR,00687,Morovis,Morovis,101,"","","","",18.3258,-66.4066
PR,00718,Naguabo,Naguabo,103,"","","","",18.2116,-65.7349
PR,00744,Rio Blanco,Naguabo,103,"","","","",18.2183,-65.7885
PR,00719,Naranjito,Naranjito,105,"","","","",18.3008,-66.2449
PR,00720,Orocovis,Orocovis,107,"","","","",18.2269,-66.391
PR,00723,Patillas,Patillas,109,"","","","",18.0064,-66.0157
PR,00624,Penuelas,Penuelas,111,"","","","",18.0564,-66.7216
PR,00715,Mercedita,Ponce,113,"","","","",18.011,-66.5632
PR,00716,Ponce,Ponce,113,"","","","",18.0111,-66.6141
PR,00717,Ponce,Ponce,113,"","","","",18.0111,-66.6141
PR,00728,Ponce,Ponce,113,"","","","",18.0111,-66.6141
PR,00730,Ponce,Ponce,113,"","","","",18.0111,-66.6141
PR,00731,Ponce,Ponce,113,"","","","",18.0111,-66.6141
PR,00732,Ponce,Ponce,113,"","","","",18.0111,-66.6141
PR,00733,Ponce,Ponce,113,"","","","",18.0111,-66.6141
PR,00734,Ponce,Ponce,113,"","","","",18.0111,-66.6141
PR,00780,Coto Laurel,Ponce,113,"","","","",18.0497,-66.5513
PR,00678,Quebradillas,Quebradillas,115,"","","","",18.4738,-66.9385
PR,00677,Rincon,Rincon,117,"","","","",18.3402,-67.2499
PR,00721,Palmer,Rio Grande,119,"","","","",18.3705,-65.7741
PR,00745,Rio Grande,Rio Grande,119,"","","","",18.3802,-65.8313
PR,00637,Sabana Grande,Sabana Grande,121,"","","","",18.0777,-66.9605
PR,00751,Salinas,Salinas,123,"","","","",17.9775,-66.2979
PR,00636,Rosario,San German,125,"","","","",18.1625,-67.0791
PR,00683,San German,San German,125,"","","","",18.0816,-67.0449
PR,00901,San Juan,San Juan,127,"","","","",18.4663,-66.1057
PR,00902,San Juan,San Juan,127,"","","","",18.4663,-66.1057
PR,00906,San Juan,San Juan,127,"","","","",18.4663,-66.1057
PR,00907,San Juan,San Juan,127,"","","","",18.4663,-66.1057
PR,00908,San Juan,San Juan,127,"","","","",18.4663,-66.1057
PR,00909,San Juan,San Juan,127,"","","","",18.4663,-66.1057
PR,00910,San Juan,San Juan,127,"","","","",18.4663,-66.1057
PR,00911,San Juan,San Juan,127,"","","","",18.4663,-66.1057
PR,00912,San Juan,San Juan,127,"","","","",18.4663,-66.1057
PR,00913,San Juan,San Juan,127,"","","","",18.4663,-66.1057
PR,00914,San Juan,San Juan,127,"","","","",18.4663,-66.1057
PR,00915,San Juan,San Juan,127,"","","","",18.4663,-66.1057
PR,00916,San Juan,San Juan,127,"","","","",18.4663,-66.1057
PR,00917,San Juan,San Juan,127,"","","","",18.4663,-66.1057
PR,00918,San Juan,San Juan,127,"","","","",18.4663,-66.1057
PR,00919,San Juan,San Juan,127,"","","","",18.4663,-66.1057
PR,00920,San Juan,San Juan,127,"","","","",18.4663,-66.1057
PR,00921,San Juan,San Juan,127,"","","","",18.4663,-66.1057
PR,00922,San Juan,San Juan,127,"","","","",18.4663,-66.1057
PR,00923,San Juan,San Juan,127,"","","","",18.4663,-66.1057
PR,00924,San Juan,San Juan,127,"","","","",18.4663,-66.1057
PR,00925,San Juan,San Juan,127,"","","","",18.4663,-66.1057
PR,00926,San Juan,San Juan,127,"","","","",18.4663,-66.1057
PR,00927,San Juan,San Juan,127,"","","","",18.4663,-66.1057
PR,00928,San Juan,San Juan,127,"","","","",18.4663,-66.1057
PR,00929,San Juan,San Juan,127,"","","","",18.4663,-66.1057
PR,00930,San Juan,San Juan,127,"","","","",18.4663,-66.1057
PR,00931,San Juan,San Juan,127,"","","","",18.4663,-66.1057
PR,00933,San Juan,San Juan,127,"","","","",18.4663,-66.1057
PR,00935,San Juan,San Juan,127,"","","","",18.4663,-66.1057
PR,00936,San Juan,San Juan,127,"","","","",18.4663,-66.1057
PR,00937,San Juan,San Juan,127,"","","","",18.4663,-66.1057
PR,00938,San Juan,San Juan,127,"","","","",18.4663,-66.1057
PR,00939,San Juan,San Juan,127,"","","","",18.4663,-66.1057
PR,00940,San Juan,San Juan,127,"","","","",18.4663,-66.1057
PR,00955,San Juan,San Juan,127,"","","","",18.4663,-66.1057
PR,00968,Guaynabo,San Juan,127,"","","","",18.3575,-66.111
PR,00975,San Juan,San Juan,127,"","","","",18.4663,-66.1057
PR,00979,Carolina,San Juan,127,"","","","",18.3808,-65.9574
PR,00981,Carolina,San Juan,127,"","","","",18.3808,-65.9574
PR,00982,Carolina,San Juan,127,"","","","",18.3808,-65.9574
PR,00754,San Lorenzo,San Lorenzo,129,"","","","",18.1894,-65.961
PR,00685,San Sebastian,San Sebastian,131,"","","","",18.3366,-66.9902
PR,00757,Santa Isabel,Santa Isabel,133,"","","","",17.9661,-66.4049
PR,00953,Toa Alta,Toa Alta,135,"","","","",18.3883,-66.2482
PR,00954,Toa Alta,Toa Alta,135,"","","","",18.3883,-66.2482
PR,00949,Toa Baja,Toa Baja,137,"","","","",18.4438,-66.2596
PR,00950,Toa Baja,Toa Baja,137,"","","","",18.4438,-66.2596
PR,00951,Toa Baja,Toa Baja,137,"","","","",18.4438,-66.2596
PR,00952,Sabana Seca,Toa Baja,137,"","","","",18.4269,-66.1846
PR,00976,Trujillo Alto,Trujillo Alto,139,"","","","",18.3547,-66.0074
PR,00977,Trujillo Alto,Trujillo Alto,139,"","","","",18.3547,-66.0074
PR,00978,St Just,Trujillo Alto,139,"","","","",18.3786,-66.05
PR,00611,Angeles,Utuado,141,"","","","",18.285,-66.7993
PR,00641,Utuado,Utuado,141,"","","","",18.2655,-66.7005
PR,00692,Vega Alta,Vega Alta,143,"","","","",18.4122,-66.3313
PR,00693,Vega Baja,Vega Baja,145,"","","","",18.4444,-66.3877
PR,00694,Vega Baja,Vega Baja,145,"","","","",18.4444,-66.3877
PR,00765,Vieques,Vieques,147,"","","","",18.0859,-66.2431
PR,00766,Villalba,Villalba,149,"","","","",18.1272,-66.4921
PR,00767,Yabucoa,Yabucoa,151,"","","","",18.0505,-65.8793
PR,00698,Yauco,Yauco,153,"","","","",18.035,-66.8499
