[
  {
    "country_code": "GG",
    "zipcode": "GY1",
    "place": "St Peter Port",
    "state": "",
    "state_code": "",
    "province": "Guernsey Channel Islands",
    "province_code": "",
    "community": "",
    "community_code": "",
    "latitude": "49.45",
    "longitude": "-2.6"
  },
  {
    "country_code": "GG",
    "zipcode": "GY10",
    "place": "Sark",
    "state": "",
    "state_code": "",
    "province": "Channel Islands",
    "province_code": "",
    "community": "",
    "community_code": "",
    "latitude": "49.71",
    "longitude": "-2.2"
  },
  {
    "country_code": "GG",
    "zipcode": "GY2",
    "place": "St Sampsons",
    "state": "",
    "state_code": "",
    "province": "Guernsey Channel Islands",
    "province_code": "",
    "community": "",
    "community_code": "",
    "latitude": "49.45",
    "longitude": "-2.6"
  },
  {
    "country_code": "GG",
    "zipcode": "GY2",
    "place": "Delancey",
    "state": "",
    "state_code": "",
    "province": "Guernsey Channel Islands",
    "province_code": "",
    "community": "",
    "community_code": "",
    "latitude": "49.45",
    "longitude": "-2.6"
  },
  {
    "country_code": "GG",
    "zipcode": "GY3",
    "place": "Vale",
    "state": "",
    "state_code": "",
    "province": "Guernsey Channel Islands",
    "province_code": "",
    "community": "",
    "community_code": "",
    "latitude": "49.45",
    "longitude": "-2.6"
  },
  {
    "country_code": "GG",
    "zipcode": "GY4",
    "place": "St Martin",
    "state": "",
    "state_code": "",
    "province": "Guernsey Channel Islands",
    "province_code": "",
    "community": "",
    "community_code": "",
    "latitude": "49.45",
    "longitude": "-2.6"
  },
  {
    "country_code": "GG",
    "zipcode": "GY5",
    "place": "Castel",
    "state": "",
    "state_code": "",
    "province": "Guernsey Channel Islands",
    "province_code": "",
    "community": "",
    "community_code": "",
    "latitude": "49.45",
    "longitude": "-2.6"
  },
  {
    "country_code": "GG",
    "zipcode": "GY6",
    "place": "Vale",
    "state": "",
    "state_code": "",
    "province": "Guernsey Channel Islands",
    "province_code": "",
    "community": "",
    "community_code": "",
    "latitude": "49.4858",
    "longitude": "-2.5196"
  },
  {
    "country_code": "GG",
    "zipcode": "GY6",
    "place": "Saint Andrew",
    "state": "",
    "state_code": "",
    "province": "Guernsey Channel Islands",
    "province_code": "",
    "community": "",
    "community_code": "",
    "latitude": "49.4519",
    "longitude": "-2.5729"
  },
  {
    "country_code": "GG",
    "zipcode": "GY7",
    "place": "Saint Saviour",
    "state": "",
    "state_code": "",
    "province": "Guernsey Channel Islands",
    "province_code": "",
    "community": "",
    "community_code": "",
    "latitude": "49.4569",
    "longitude": "-2.6358"
  },
  {
    "country_code": "GG",
    "zipcode": "GY7",
    "place": "Saint Pierre du Bois",
    "state": "",
    "state_code": "",
    "province": "Guernsey Channel Islands",
    "province_code": "",
    "community": "",
    "community_code": "",
    "latitude": "49.4456",
    "longitude": "-2.6436"
  },
  {
    "country_code": "GG",
    "zipcode": "GY8",
    "place": "Torteval",
    "state": "",
    "state_code": "",
    "province": "Guernsey Channel Islands",
    "province_code": "",
    "community": "",
    "community_code": "",
    "latitude": "49.4333",
    "longitude": "-2.65"
  },
  {
    "country_code": "GG",
    "zipcode": "GY8",
    "place": "Forest",
    "state": "",
    "state_code": "",
    "province": "Guernsey Channel Islands",
    "province_code": "",
    "community": "",
    "community_code": "",
    "latitude": "49.4258",
    "longitude": "-2.5919"
  },
  {
    "country_code": "GG",
    "zipcode": "GY9",
    "place": "Alderney",
    "state": "",
    "state_code": "",
    "province": "Channel Islands",
    "province_code": "",
    "community": "",
    "community_code": "",
    "latitude": "49.71",
    "longitude": "-2.2"
  }
]
