[
  {
    "country_code": "MT",
    "zipcode": "ATD",
    "place": "Attard",
    "state": "Attard",
    "state_code": "01",
    "province": "",
    "province_code": "",
    "community": "",
    "community_code": "",
    "latitude": "35.8917",
    "longitude": "14.4319"
  },
  {
    "country_code": "MT",
    "zipcode": "BZN",
    "place": "Balzan",
    "state": "Balzan",
    "state_code": "02",
    "province": "",
    "province_code": "",
    "community": "",
    "community_code": "",
    "latitude": "35.8972",
    "longitude": "14.4528"
  },
  {
    "country_code": "MT",
    "zipcode": "BRG",
    "place": "Birgu",
    "state": "Il-Birgu",
    "state_code": "03",
    "province": "",
    "province_code": "",
    "community": "",
    "community_code": "",
    "latitude": "35.8861",
    "longitude": "14.5242"
  },
  {
    "country_code": "MT",
    "zipcode": "BKR",
    "place": "Birkirkara",
    "state": "Birkirkara",
    "state_code": "04",
    "province": "",
    "province_code": "",
    "community": "",
    "community_code": "",
    "latitude": "35.8972",
    "longitude": "14.4653"
  },
  {
    "country_code": "MT",
    "zipcode": "BBG",
    "place": "Birżebbuġa",
    "state": "Birżebbuġa",
    "state_code": "05",
    "province": "",
    "province_code": "",
    "community": "",
    "community_code": "",
    "latitude": "35.8222",
    "longitude": "14.5228"
  },
  {
    "country_code": "MT",
    "zipcode": "BML",
    "place": "Bormla",
    "state": "Bormla",
    "state_code": "06",
    "province": "",
    "province_code": "",
    "community": "",
    "community_code": "",
    "latitude": "35.8806",
    "longitude": "14.5217"
  },
  {
    "country_code": "MT",
    "zipcode": "DGL",
    "place": "Dingli",
    "state": "Dingli",
    "state_code": "07",
    "province": "",
    "province_code": "",
    "community": "",
    "community_code": "",
    "latitude": "35.8597",
    "longitude": "14.3833"
  },
  {
    "country_code": "MT",
    "zipcode": "FGR",
    "place": "Fgura",
    "state": "Il-Fgura",
    "state_code": "08",
    "province": "",
    "province_code": "",
    "community": "",
    "community_code": "",
    "latitude": "35.8728",
    "longitude": "14.5203"
  },
  {
    "country_code": "MT",
    "zipcode": "FRN",
    "place": "Floriana",
    "state": "Il-Furjana",
    "state_code": "09",
    "province": "",
    "province_code": "",
    "community": "",
    "community_code": "",
    "latitude": "35.8917",
    "longitude": "14.5042"
  },
  {
    "country_code": "MT",
    "zipcode": "FNT",
    "place": "Fontana",
    "state": "Il-Fontana",
    "state_code": "10",
    "province": "",
    "province_code": "",
    "community": "",
    "community_code": "",
    "latitude": "36.0375",
    "longitude": "14.2361"
  },
  {
    "country_code": "MT",
    "zipcode": "GSM",
    "place": "Għajnsielem",
    "state": "Għajnsielem",
    "state_code": "11",
    "province": "",
    "province_code": "",
    "community": "",
    "community_code": "",
    "latitude": "36.0267",
    "longitude": "14.2861"
  },
  {
    "country_code": "MT",
    "zipcode": "KMN",
    "place": "Kemmuna",
    "state": "Għajnsielem",
    "state_code": "11",
    "province": "",
    "province_code": "",
    "community": "",
    "community_code": "",
    "latitude": "36.0267",
    "longitude": "14.2861"
  },
  {
    "country_code": "MT",
    "zipcode": "GRB",
    "place": "Għarb",
    "state": "L-Għarb",
    "state_code": "12",
    "province": "",
    "province_code": "",
    "community": "",
    "community_code": "",
    "latitude": "36.0681",
    "longitude": "14.2014"
  },
  {
    "country_code": "MT",
    "zipcode": "GHR",
    "place": "Għargħur",
    "state": "Ħal Għargħur",
    "state_code": "13",
    "province": "",
    "province_code": "",
    "community": "",
    "community_code": "",
    "latitude": "35.9236",
    "longitude": "14.455"
  },
  {
    "country_code": "MT",
    "zipcode": "GSR",
    "place": "Għasri",
    "state": "L-Għasri",
    "state_code": "14",
    "province": "",
    "province_code": "",
    "community": "",
    "community_code": "",
    "latitude": "36.0653",
    "longitude": "14.2217"
  },
  {
    "country_code": "MT",
    "zipcode": "GXQ",
    "place": "Għaxaq",
    "state": "Ħal Għaxaq",
    "state_code": "15",
    "province": "",
    "province_code": "",
    "community": "",
    "community_code": "",
    "latitude": "35.8458",
    "longitude": "14.5167"
  },
  {
    "country_code": "MT",
    "zipcode": "GDJ",
    "place": "Gudja",
    "state": "Il-Gudja",
    "state_code": "16",
    "province": "",
    "province_code": "",
    "community": "",
    "community_code": "",
    "latitude": "35.8514",
    "longitude": "14.5033"
  },
  {
    "country_code": "MT",
    "zipcode": "GZR",
    "place": "Gżira",
    "state": "Il-Gżira",
    "state_code": "17",
    "province": "",
    "province_code": "",
    "community": "",
    "community_code": "",
    "latitude": "35.9056",
    "longitude": "14.4928"
  },
  {
    "country_code": "MT",
    "zipcode": "HMR",
    "place": "Ħamrun",
    "state": "Il-Ħamrun",
    "state_code": "18",
    "province": "",
    "province_code": "",
    "community": "",
    "community_code": "",
    "latitude": "35.8869",
    "longitude": "14.4883"
  },
  {
    "country_code": "MT",
    "zipcode": "IKL",
    "place": "Iklin",
    "state": "L-Iklin",
    "state_code": "19",
    "province": "",
    "province_code": "",
    "community": "",
    "community_code": "",
    "latitude": "35.9097",
    "longitude": "14.4556"
  },
  {
    "country_code": "MT",
    "zipcode": "MDN",
    "place": "Mdina",
    "state": "L-Imdina",
    "state_code": "20",
    "province": "",
    "province_code": "",
    "community": "",
    "community_code": "",
    "latitude": "35.8872",
    "longitude": "14.4053"
  },
  {
    "country_code": "MT",
    "zipcode": "MGR",
    "place": "Mġarr",
    "state": "L-Imġarr",
    "state_code": "21",
    "province": "",
    "province_code": "",
    "community": "",
    "community_code": "",
    "latitude": "35.9194",
    "longitude": "14.3639"
  },
  {
    "country_code": "MT",
    "zipcode": "MQB",
    "place": "Mqabba",
    "state": "L-Imqabba",
    "state_code": "22",
    "province": "",
    "province_code": "",
    "community": "",
    "community_code": "",
    "latitude": "35.845",
    "longitude": "14.4675"
  },
  {
    "country_code": "MT",
    "zipcode": "MSD",
    "place": "Msida",
    "state": "L-Imsida",
    "state_code": "23",
    "province": "",
    "province_code": "",
    "community": "",
    "community_code": "",
    "latitude": "35.8986",
    "longitude": "14.4839"
  },
  {
    "country_code": "MT",
    "zipcode": "MTF",
    "place": "Mtarfa",
    "state": "L-Imtarfa",
    "state_code": "24",
    "province": "",
    "province_code": "",
    "community": "",
    "community_code": "",
    "latitude": "35.8906",
    "longitude": "14.3972"
  },
  {
    "country_code": "MT",
    "zipcode": "ISL",
    "place": "Isla",
    "state": "L-Isla",
    "state_code": "25",
    "province": "",
    "province_code": "",
    "community": "",
    "community_code": "",
    "latitude": "35.8878",
    "longitude": "14.5169"
  },
  {
    "country_code": "MT",
    "zipcode": "KKR",
    "place": "Kalkara",
    "state": "Il-Kalkara",
    "state_code": "26",
    "province": "",
    "province_code": "",
    "community": "",
    "community_code": "",
    "latitude": "35.8911",
    "longitude": "14.5328"
  },
  {
    "country_code": "MT",
    "zipcode": "SCM",
    "place": "Smart City",
    "state": "Il-Kalkara",
    "state_code": "26",
    "province": "",
    "province_code": "",
    "community": "",
    "community_code": "",
    "latitude": "35.8911",
    "longitude": "14.5328"
  },
  {
    "country_code": "MT",
    "zipcode": "KCM",
    "place": "Kerċem",
    "state": "Ta’ Kerċem",
    "state_code": "27",
    "province": "",
    "province_code": "",
    "community": "",
    "community_code": "",
    "latitude": "36.0439",
    "longitude": "14.2161"
  },
  {
    "country_code": "MT",
    "zipcode": "KKP",
    "place": "Kirkop",
    "state": "Kirkop",
    "state_code": "28",
    "province": "",
    "province_code": "",
    "community": "",
    "community_code": "",
    "latitude": "35.8442",
    "longitude": "14.4842"
  },
  {
    "country_code": "MT",
    "zipcode": "LJA",
    "place": "Lija",
    "state": "Lija",
    "state_code": "29",
    "province": "",
    "province_code": "",
    "community": "",
    "community_code": "",
    "latitude": "35.9014",
    "longitude": "14.4422"
  },
  {
    "country_code": "MT",
    "zipcode": "LQA",
    "place": "Luqa",
    "state": "Luqa",
    "state_code": "30",
    "province": "",
    "province_code": "",
    "community": "",
    "community_code": "",
    "latitude": "35.8597",
    "longitude": "14.4833"
  },
  {
    "country_code": "MT",
    "zipcode": "MRS",
    "place": "Marsa",
    "state": "Il-Marsa",
    "state_code": "31",
    "province": "",
    "province_code": "",
    "community": "",
    "community_code": "",
    "latitude": "35.8764",
    "longitude": "14.4922"
  },
  {
    "country_code": "MT",
    "zipcode": "MTP",
    "place": "MaltaPost",
    "state": "Il-Marsa",
    "state_code": "31",
    "province": "",
    "province_code": "",
    "community": "",
    "community_code": "",
    "latitude": "35.8764",
    "longitude": "14.4922"
  },
  {
    "country_code": "MT",
    "zipcode": "MSK",
    "place": "Marsaskala",
    "state": "Marsaskala",
    "state_code": "32",
    "province": "",
    "province_code": "",
    "community": "",
    "community_code": "",
    "latitude": "35.8606",
    "longitude": "14.5592"
  },
  {
    "country_code": "MT",
    "zipcode": "MXK",
    "place": "Marsaxlokk",
    "state": "Marsaxlokk",
    "state_code": "33",
    "province": "",
    "province_code": "",
    "community": "",
    "community_code": "",
    "latitude": "35.8417",
    "longitude": "14.5514"
  },
  {
    "country_code": "MT",
    "zipcode": "MLH",
    "place": "Mellieħa",
    "state": "Il-Mellieħa",
    "state_code": "34",
    "province": "",
    "province_code": "",
    "community": "",
    "community_code": "",
    "latitude": "35.9583",
    "longitude": "14.3514"
  },
  {
    "country_code": "MT",
    "zipcode": "MST",
    "place": "Mosta",
    "state": "Il-Mosta",
    "state_code": "35",
    "province": "",
    "province_code": "",
    "community": "",
    "community_code": "",
    "latitude": "35.9125",
    "longitude": "14.4208"
  },
  {
    "country_code": "MT",
    "zipcode": "MXR",
    "place": "Munxar",
    "state": "Il-Munxar",
    "state_code": "36",
    "province": "",
    "province_code": "",
    "community": "",
    "community_code": "",
    "latitude": "36.0292",
    "longitude": "14.2256"
  },
  {
    "country_code": "MT",
    "zipcode": "XLN",
    "place": "Xlendi",
    "state": "Il-Munxar",
    "state_code": "36",
    "province": "",
    "province_code": "",
    "community": "",
    "community_code": "",
    "latitude": "36.0292",
    "longitude": "14.2256"
  },
  {
    "country_code": "MT",
    "zipcode": "NDR",
    "place": "Nadur",
    "state": "In-Nadur",
    "state_code": "37",
    "province": "",
    "province_code": "",
    "community": "",
    "community_code": "",
    "latitude": "36.0486",
    "longitude": "14.2944"
  },
  {
    "country_code": "MT",
    "zipcode": "NXR",
    "place": "Naxxar",
    "state": "In-Naxxar",
    "state_code": "38",
    "province": "",
    "province_code": "",
    "community": "",
    "community_code": "",
    "latitude": "35.9333",
    "longitude": "14.4375"
  },
  {
    "country_code": "MT",
    "zipcode": "PLA",
    "place": "Paola",
    "state": "Paola",
    "state_code": "39",
    "province": "",
    "province_code": "",
    "community": "",
    "community_code": "",
    "latitude": "35.8736",
    "longitude": "14.5061"
  },
  {
    "country_code": "MT",
    "zipcode": "PBK",
    "place": "Pembroke",
    "state": "Pembroke",
    "state_code": "40",
    "province": "",
    "province_code": "",
    "community": "",
    "community_code": "",
    "latitude": "35.9306",
    "longitude": "14.4764"
  },
  {
    "country_code": "MT",
    "zipcode": "PTA",
    "place": "Pietà",
    "state": "Tal-Pietà",
    "state_code": "41",
    "province": "",
    "province_code": "",
    "community": "",
    "community_code": "",
    "latitude": "35.8925",
    "longitude": "14.4939"
  },
  {
    "country_code": "MT",
    "zipcode": "QLA",
    "place": "Qala",
    "state": "Il-Qala",
    "state_code": "42",
    "province": "",
    "province_code": "",
    "community": "",
    "community_code": "",
    "latitude": "36.0375",
    "longitude": "14.3167"
  },
  {
    "country_code": "MT",
    "zipcode": "QRM",
    "place": "Qormi",
    "state": "Qormi",
    "state_code": "43",
    "province": "",
    "province_code": "",
    "community": "",
    "community_code": "",
    "latitude": "35.8792",
    "longitude": "14.4667"
  },
  {
    "country_code": "MT",
    "zipcode": "QRD",
    "place": "Qrendi",
    "state": "Il-Qrendi",
    "state_code": "44",
    "province": "",
    "province_code": "",
    "community": "",
    "community_code": "",
    "latitude": "35.8319",
    "longitude": "14.4514"
  },
  {
    "country_code": "MT",
    "zipcode": "RBT",
    "place": "Rabat",
    "state": "Ir-Rabat",
    "state_code": "45",
    "province": "",
    "province_code": "",
    "community": "",
    "community_code": "",
    "latitude": "35.8826",
    "longitude": "14.3978"
  },
  {
    "country_code": "MT",
    "zipcode": "VCT",
    "place": "Victoria",
    "state": "Victoria",
    "state_code": "46",
    "province": "",
    "province_code": "",
    "community": "",
    "community_code": "",
    "latitude": "36.0453",
    "longitude": "14.2417"
  },
  {
    "country_code": "MT",
    "zipcode": "SFI",
    "place": "Safi",
    "state": "Safi",
    "state_code": "47",
    "province": "",
    "province_code": "",
    "community": "",
    "community_code": "",
    "latitude": "35.8347",
    "longitude": "14.4917"
  },
  {
    "country_code": "MT",
    "zipcode": "SGN",
    "place": "San Ġwann",
    "state": "Saint John",
    "state_code": "48",
    "province": "",
    "province_code": "",
    "community": "",
    "community_code": "",
    "latitude": "35.9089",
    "longitude": "14.475"
  },
  {
    "country_code": "MT",
    "zipcode": "STJ",
    "place": "Saint Julians",
    "state": "Saint Julian's",
    "state_code": "49",
    "province": "",
    "province_code": "",
    "community": "",
    "community_code": "",
    "latitude": "35.9172",
    "longitude": "14.4894"
  },
  {
    "country_code": "MT",
    "zipcode": "SLZ",
    "place": "San Lawrenz",
    "state": "Saint Lawrence",
    "state_code": "50",
    "province": "",
    "province_code": "",
    "community": "",
    "community_code": "",
    "latitude": "36.0486",
    "longitude": "14.1978"
  },
  {
    "country_code": "MT",
    "zipcode": "SLC",
    "place": "Santa Luċija",
    "state": "Saint Lucia",
    "state_code": "51",
    "province": "",
    "province_code": "",
    "community": "",
    "community_code": "",
    "latitude": "35.8617",
    "longitude": "14.5064"
  },
  {
    "country_code": "MT",
    "zipcode": "SPB",
    "place": "Saint Paul's Bay",
    "state": "Saint Paul’s Bay",
    "state_code": "52",
    "province": "",
    "province_code": "",
    "community": "",
    "community_code": "",
    "latitude": "35.9375",
    "longitude": "14.3986"
  },
  {
    "country_code": "MT",
    "zipcode": "SVR",
    "place": "Santa Venera",
    "state": "Saint Venera",
    "state_code": "53",
    "province": "",
    "province_code": "",
    "community": "",
    "community_code": "",
    "latitude": "35.8903",
    "longitude": "14.4778"
  },
  {
    "country_code": "MT",
    "zipcode": "SNT",
    "place": "Sannat",
    "state": "Sannat",
    "state_code": "54",
    "province": "",
    "province_code": "",
    "community": "",
    "community_code": "",
    "latitude": "36.0231",
    "longitude": "14.2514"
  },
  {
    "country_code": "MT",
    "zipcode": "SGW",
    "place": "Siġġiewi",
    "state": "Is-Siġġiewi",
    "state_code": "55",
    "province": "",
    "province_code": "",
    "community": "",
    "community_code": "",
    "latitude": "35.8486",
    "longitude": "14.4264"
  },
  {
    "country_code": "MT",
    "zipcode": "SLM",
    "place": "Sliema",
    "state": "Tas-Sliema",
    "state_code": "56",
    "province": "",
    "province_code": "",
    "community": "",
    "community_code": "",
    "latitude": "35.9125",
    "longitude": "14.5022"
  },
  {
    "country_code": "MT",
    "zipcode": "SWQ",
    "place": "Swieqi",
    "state": "Is-Swieqi",
    "state_code": "57",
    "province": "",
    "province_code": "",
    "community": "",
    "community_code": "",
    "latitude": "35.9217",
    "longitude": "14.4694"
  },
  {
    "country_code": "MT",
    "zipcode": "TXN",
    "place": "Tarxien",
    "state": "Tarxien",
    "state_code": "58",
    "province": "",
    "province_code": "",
    "community": "",
    "community_code": "",
    "latitude": "35.8667",
    "longitude": "14.5131"
  },
  {
    "country_code": "MT",
    "zipcode": "XBX",
    "place": "Ta' Xbiex",
    "state": "Ta’ Xbiex",
    "state_code": "59",
    "province": "",
    "province_code": "",
    "community": "",
    "community_code": "",
    "latitude": "35.8994",
    "longitude": "14.4961"
  },
  {
    "country_code": "MT",
    "zipcode": "VLT",
    "place": "Valletta",
    "state": "Il-Belt Valletta",
    "state_code": "60",
    "province": "",
    "province_code": "",
    "community": "",
    "community_code": "",
    "latitude": "35.8983",
    "longitude": "14.5125"
  },
  {
    "country_code": "MT",
    "zipcode": "XRA",
    "place": "Xagħra",
    "state": "Ix-Xagħra",
    "state_code": "61",
    "province": "",
    "province_code": "",
    "community": "",
    "community_code": "",
    "latitude": "36.0542",
    "longitude": "14.2667"
  },
  {
    "country_code": "MT",
    "zipcode": "XWK",
    "place": "Xewkija",
    "state": "Ix-Xewkija",
    "state_code": "62",
    "province": "",
    "province_code": "",
    "community": "",
    "community_code": "",
    "latitude": "36.0333",
    "longitude": "14.2611"
  },
  {
    "country_code": "MT",
    "zipcode": "XJR",
    "place": "Xgħajra",
    "state": "Ix-Xgħajra",
    "state_code": "63",
    "province": "",
    "province_code": "",
    "community": "",
    "community_code": "",
    "latitude": "35.8847",
    "longitude": "14.5486"
  },
  {
    "country_code": "MT",
    "zipcode": "ZBR",
    "place": "Żabbar",
    "state": "Ħaż-Żabbar",
    "state_code": "64",
    "province": "",
    "province_code": "",
    "community": "",
    "community_code": "",
    "latitude": "35.875",
    "longitude": "14.5417"
  },
  {
    "country_code": "MT",
    "zipcode": "ZBG",
    "place": "Żebbuġ",
    "state": "Ħaż-Żebbuġ",
    "state_code": "65",
    "province": "",
    "province_code": "",
    "community": "",
    "community_code": "",
    "latitude": "35.8736",
    "longitude": "14.4361"
  },
  {
    "country_code": "MT",
    "zipcode": "MFN",
    "place": "Marsalforn",
    "state": "Iż-Żebbuġ",
    "state_code": "66",
    "province": "",
    "province_code": "",
    "community": "",
    "community_code": "",
    "latitude": "36.0667",
    "longitude": "14.2444"
  },
  {
    "country_code": "MT",
    "zipcode": "ZBB",
    "place": "Żebbuġ",
    "state": "Iż-Żebbuġ",
    "state_code": "66",
    "province": "",
    "province_code": "",
    "community": "",
    "community_code": "",
    "latitude": "36.0667",
    "longitude": "14.2444"
  },
  {
    "country_code": "MT",
    "zipcode": "ZTN",
    "place": "Żejtun",
    "state": "Iż-Żejtun",
    "state_code": "67",
    "province": "",
    "province_code": "",
    "community": "",
    "community_code": "",
    "latitude": "35.8578",
    "longitude": "14.5333"
  },
  {
    "country_code": "MT",
    "zipcode": "ZRQ",
    "place": "Żurrieq",
    "state": "Iż-Żurrieq",
    "state_code": "68",
    "province": "",
    "province_code": "",
    "community": "",
    "community_code": "",
    "latitude": "35.8222",
    "longitude": "14.4833"
  }
]
